,Country,City,Latitude,temp_min,temp_max,humid,wind_speed,cloud,found_city,url
61107,af,qal`ah-ye sang-e takht,34.259067,18.7,18.7,76,2.04,64,qal`ah-ye sang-e takht,"http://api.openweathermap.org/data/2.5/weather?q=qal`ah-ye sang-e takht,af&APPID=2e0b3995de13957a2e62c46a5a3da34b&units=imperial"
86964,af,wurjani,32.428812,25.77,25.77,74,2.04,0,wurjani,"http://api.openweathermap.org/data/2.5/weather?q=wurjani,af&APPID=2e0b3995de13957a2e62c46a5a3da34b&units=imperial"
127447,ar,aguada grande,-47.389004,85.98,85.98,61,4.38,24,aguada grande,"http://api.openweathermap.org/data/2.5/weather?q=aguada grande,ar&APPID=2e0b3995de13957a2e62c46a5a3da34b&units=imperial"
127650,ar,alto rio senguer,-45.041049,50.43,50.43,40,26.75,0,alto rio senguer,"http://api.openweathermap.org/data/2.5/weather?q=alto rio senguer,ar&APPID=2e0b3995de13957a2e62c46a5a3da34b&units=imperial"
127772,ar,antonio pini,-29.075481,95.16,95.16,66,8.41,0,antonio pini,"http://api.openweathermap.org/data/2.5/weather?q=antonio pini,ar&APPID=2e0b3995de13957a2e62c46a5a3da34b&units=imperial"
128079,ar,barrio almirante brown,-54.816667,80.08,80.08,83,3.09,36,barrio almirante brown,"http://api.openweathermap.org/data/2.5/weather?q=barrio almirante brown,ar&APPID=2e0b3995de13957a2e62c46a5a3da34b&units=imperial"
128383,ar,caleta olivia,-46.439291,55.51,55.51,53,12.15,76,caleta olivia,"http://api.openweathermap.org/data/2.5/weather?q=caleta olivia,ar&APPID=2e0b3995de13957a2e62c46a5a3da34b&units=imperial"
128688,ar,cauchicol,-53.88106,53.6,53.6,46,23.04,40,cauchicol,"http://api.openweathermap.org/data/2.5/weather?q=cauchicol,ar&APPID=2e0b3995de13957a2e62c46a5a3da34b&units=imperial"
129273,ar,comandante luis piedra buena,-49.985133000000005,56.73,56.73,23,21.43,32,comandante luis piedra buena,"http://api.openweathermap.org/data/2.5/weather?q=comandante luis piedra buena,ar&APPID=2e0b3995de13957a2e62c46a5a3da34b&units=imperial"
129678,ar,durazno,-28.6,94.48,94.48,56,4.32,0,durazno,"http://api.openweathermap.org/data/2.5/weather?q=durazno,ar&APPID=2e0b3995de13957a2e62c46a5a3da34b&units=imperial"
130092,ar,el trebol,-45.816666999999995,91.83,91.83,77,4.54,0,el trebol,"http://api.openweathermap.org/data/2.5/weather?q=el trebol,ar&APPID=2e0b3995de13957a2e62c46a5a3da34b&units=imperial"
130099,ar,el turbio,-51.681371999999996,48.2,48.2,59,25.28,75,el turbio,"http://api.openweathermap.org/data/2.5/weather?q=el turbio,ar&APPID=2e0b3995de13957a2e62c46a5a3da34b&units=imperial"
130327,ar,estanislao del campo,-25.055038,91.96,91.96,74,6.89,0,estanislao del campo,"http://api.openweathermap.org/data/2.5/weather?q=estanislao del campo,ar&APPID=2e0b3995de13957a2e62c46a5a3da34b&units=imperial"
130634,ar,general jose de san martin,-47.445207,90.25,90.25,80,6.78,12,general jose de san martin,"http://api.openweathermap.org/data/2.5/weather?q=general jose de san martin,ar&APPID=2e0b3995de13957a2e62c46a5a3da34b&units=imperial"
131330,ar,kaiken,-54.533333,46.38,46.38,49,15.79,48,kaiken,"http://api.openweathermap.org/data/2.5/weather?q=kaiken,ar&APPID=2e0b3995de13957a2e62c46a5a3da34b&units=imperial"
131386,ar,la bajada,-48.883333,78.87,78.87,99,3.76,44,la bajada,"http://api.openweathermap.org/data/2.5/weather?q=la bajada,ar&APPID=2e0b3995de13957a2e62c46a5a3da34b&units=imperial"
131551,ar,lago argentino,-50.336979,48.99,48.99,39,20.87,36,lago argentino,"http://api.openweathermap.org/data/2.5/weather?q=lago argentino,ar&APPID=2e0b3995de13957a2e62c46a5a3da34b&units=imperial"
131983,ar,las pulgas,-45.460978999999995,52.41,52.41,30,20.54,88,las pulgas,"http://api.openweathermap.org/data/2.5/weather?q=las pulgas,ar&APPID=2e0b3995de13957a2e62c46a5a3da34b&units=imperial"
132382,ar,los sauces,-30.736628999999997,66.81,66.81,28,21.54,92,los sauces,"http://api.openweathermap.org/data/2.5/weather?q=los sauces,ar&APPID=2e0b3995de13957a2e62c46a5a3da34b&units=imperial"
132653,ar,mayor drummond,-33.024611,87.8,87.8,33,5.82,40,mayor drummond,"http://api.openweathermap.org/data/2.5/weather?q=mayor drummond,ar&APPID=2e0b3995de13957a2e62c46a5a3da34b&units=imperial"
132772,ar,miranda,-53.681054,70.32,70.32,76,3.38,8,miranda,"http://api.openweathermap.org/data/2.5/weather?q=miranda,ar&APPID=2e0b3995de13957a2e62c46a5a3da34b&units=imperial"
133327,ar,parish,-36.518335,89.53,89.53,54,11.25,20,parish,"http://api.openweathermap.org/data/2.5/weather?q=parish,ar&APPID=2e0b3995de13957a2e62c46a5a3da34b&units=imperial"
133501,ar,piedra buena,-49.985133000000005,80.8,80.8,24,7,0,piedra buena,"http://api.openweathermap.org/data/2.5/weather?q=piedra buena,ar&APPID=2e0b3995de13957a2e62c46a5a3da34b&units=imperial"
133592,ar,pocho,-31.490057,88,88,50,3.6,24,pocho,"http://api.openweathermap.org/data/2.5/weather?q=pocho,ar&APPID=2e0b3995de13957a2e62c46a5a3da34b&units=imperial"
133833,ar,puerto deseado,-47.750336,51.33,51.33,58,9.75,64,puerto deseado,"http://api.openweathermap.org/data/2.5/weather?q=puerto deseado,ar&APPID=2e0b3995de13957a2e62c46a5a3da34b&units=imperial"
133910,ar,puerto remolino,-54.86666700000001,46.4,46.4,61,27.51,75,puerto remolino,"http://api.openweathermap.org/data/2.5/weather?q=puerto remolino,ar&APPID=2e0b3995de13957a2e62c46a5a3da34b&units=imperial"
133926,ar,puerto santa cruz,-50.019104,55.56,55.56,30,20.6,76,puerto santa cruz,"http://api.openweathermap.org/data/2.5/weather?q=puerto santa cruz,ar&APPID=2e0b3995de13957a2e62c46a5a3da34b&units=imperial"
134057,ar,rada tilly,-45.933333000000005,64.4,64.4,27,17.22,75,rada tilly,"http://api.openweathermap.org/data/2.5/weather?q=rada tilly,ar&APPID=2e0b3995de13957a2e62c46a5a3da34b&units=imperial"
134219,ar,rio gallegos,-51.622613,53.6,53.6,27,26.4,75,rio gallegos,"http://api.openweathermap.org/data/2.5/weather?q=rio gallegos,ar&APPID=2e0b3995de13957a2e62c46a5a3da34b&units=imperial"
134713,ar,san pablo,-54.333332999999996,87.8,87.8,55,11.41,40,san pablo,"http://api.openweathermap.org/data/2.5/weather?q=san pablo,ar&APPID=2e0b3995de13957a2e62c46a5a3da34b&units=imperial"
134792,ar,santa cruz,-50.019104,48.2,48.2,59,25.28,75,santa cruz,"http://api.openweathermap.org/data/2.5/weather?q=santa cruz,ar&APPID=2e0b3995de13957a2e62c46a5a3da34b&units=imperial"
134930,ar,sarmiento,-54.35,55.6,55.6,53,24.11,80,sarmiento,"http://api.openweathermap.org/data/2.5/weather?q=sarmiento,ar&APPID=2e0b3995de13957a2e62c46a5a3da34b&units=imperial"
135186,ar,talleres,-45.816666999999995,93.2,93.2,49,9.17,20,talleres,"http://api.openweathermap.org/data/2.5/weather?q=talleres,ar&APPID=2e0b3995de13957a2e62c46a5a3da34b&units=imperial"
135390,ar,tres cerros,-48.216667,91.78,91.78,58,5.55,20,tres cerros,"http://api.openweathermap.org/data/2.5/weather?q=tres cerros,ar&APPID=2e0b3995de13957a2e62c46a5a3da34b&units=imperial"
135508,ar,ushuaia,-54.8,46.4,46.4,61,27.51,75,ushuaia,"http://api.openweathermap.org/data/2.5/weather?q=ushuaia,ar&APPID=2e0b3995de13957a2e62c46a5a3da34b&units=imperial"
135534,ar,valle,-45.8,64.4,64.4,27,17.22,75,valle,"http://api.openweathermap.org/data/2.5/weather?q=valle,ar&APPID=2e0b3995de13957a2e62c46a5a3da34b&units=imperial"
138735,at,fussach,47.483056,41,41,100,3.36,90,fussach,"http://api.openweathermap.org/data/2.5/weather?q=fussach,at&APPID=2e0b3995de13957a2e62c46a5a3da34b&units=imperial"
141666,at,kleinsteinbach,47.133333,33.8,33.8,77,1.12,40,kleinsteinbach,"http://api.openweathermap.org/data/2.5/weather?q=kleinsteinbach,at&APPID=2e0b3995de13957a2e62c46a5a3da34b&units=imperial"
142711,at,litschgraben,48.5,42.8,42.8,87,11.41,24,litschgraben,"http://api.openweathermap.org/data/2.5/weather?q=litschgraben,at&APPID=2e0b3995de13957a2e62c46a5a3da34b&units=imperial"
144648,at,oberrohrbach,46.983333,42.8,44.6,81,12.75,75,oberrohrbach,"http://api.openweathermap.org/data/2.5/weather?q=oberrohrbach,at&APPID=2e0b3995de13957a2e62c46a5a3da34b&units=imperial"
144894,at,oftering,48.233333,41,41,100,8.05,75,oftering,"http://api.openweathermap.org/data/2.5/weather?q=oftering,at&APPID=2e0b3995de13957a2e62c46a5a3da34b&units=imperial"
149462,at,unterviehbach,48.35,41,41,100,8.05,75,unterviehbach,"http://api.openweathermap.org/data/2.5/weather?q=unterviehbach,at&APPID=2e0b3995de13957a2e62c46a5a3da34b&units=imperial"
150720,at,zelking,48.183333000000005,42.8,42.8,87,11.41,92,zelking,"http://api.openweathermap.org/data/2.5/weather?q=zelking,at&APPID=2e0b3995de13957a2e62c46a5a3da34b&units=imperial"
153702,au,dimbulah,-17.14752,66.76,66.76,98,4.09,68,dimbulah,"http://api.openweathermap.org/data/2.5/weather?q=dimbulah,au&APPID=2e0b3995de13957a2e62c46a5a3da34b&units=imperial"
154749,au,goondah,-34.733333,57.58,57.58,96,4.21,0,goondah,"http://api.openweathermap.org/data/2.5/weather?q=goondah,au&APPID=2e0b3995de13957a2e62c46a5a3da34b&units=imperial"
155459,au,isabella,-33.95,52.63,52.63,97,3.31,8,isabella,"http://api.openweathermap.org/data/2.5/weather?q=isabella,au&APPID=2e0b3995de13957a2e62c46a5a3da34b&units=imperial"
158554,au,pelverata,-47.05,57.2,57.2,62,8.05,40,pelverata,"http://api.openweathermap.org/data/2.5/weather?q=pelverata,au&APPID=2e0b3995de13957a2e62c46a5a3da34b&units=imperial"
158927,au,quinburra,-37.133333,55.33,55.33,70,3.09,0,quinburra,"http://api.openweathermap.org/data/2.5/weather?q=quinburra,au&APPID=2e0b3995de13957a2e62c46a5a3da34b&units=imperial"
159874,au,tabulam,-28.9,64.96,64.96,99,1.81,92,tabulam,"http://api.openweathermap.org/data/2.5/weather?q=tabulam,au&APPID=2e0b3995de13957a2e62c46a5a3da34b&units=imperial"
160058,au,temora municipality,-34.433333000000005,60.73,60.73,67,5.84,0,temora municipality,"http://api.openweathermap.org/data/2.5/weather?q=temora municipality,au&APPID=2e0b3995de13957a2e62c46a5a3da34b&units=imperial"
160858,au,warburton,-26.1346,59,59,93,6.93,20,warburton,"http://api.openweathermap.org/data/2.5/weather?q=warburton,au&APPID=2e0b3995de13957a2e62c46a5a3da34b&units=imperial"
161188,au,wieambilla,-27.016666999999998,70,70,82,7.9,36,wieambilla,"http://api.openweathermap.org/data/2.5/weather?q=wieambilla,au&APPID=2e0b3995de13957a2e62c46a5a3da34b&units=imperial"
181380,ba,lukovice,43.1922222,51.8,51.8,29,34.45,20,lukovice,"http://api.openweathermap.org/data/2.5/weather?q=lukovice,ba&APPID=2e0b3995de13957a2e62c46a5a3da34b&units=imperial"
184063,ba,podstijene,43.9430556,30.2,30.2,92,1.12,75,podstijene,"http://api.openweathermap.org/data/2.5/weather?q=podstijene,ba&APPID=2e0b3995de13957a2e62c46a5a3da34b&units=imperial"
223541,be,kortijs,50.7,46.4,48.2,93,4.7,75,kortijs,"http://api.openweathermap.org/data/2.5/weather?q=kortijs,be&APPID=2e0b3995de13957a2e62c46a5a3da34b&units=imperial"
229524,be,sint-michiels,51.183333000000005,46.4,50,93,4.7,75,sint-michiels,"http://api.openweathermap.org/data/2.5/weather?q=sint-michiels,be&APPID=2e0b3995de13957a2e62c46a5a3da34b&units=imperial"
230562,be,trahison,50.633333,46.4,50,100,3.36,75,trahison,"http://api.openweathermap.org/data/2.5/weather?q=trahison,be&APPID=2e0b3995de13957a2e62c46a5a3da34b&units=imperial"
270535,bo,antequera,-18.4833333,55.4,55.4,66,4.7,75,antequera,"http://api.openweathermap.org/data/2.5/weather?q=antequera,bo&APPID=2e0b3995de13957a2e62c46a5a3da34b&units=imperial"
271079,bo,buena vista,-18.6913889,73.4,73.4,100,6.93,90,buena vista,"http://api.openweathermap.org/data/2.5/weather?q=buena vista,bo&APPID=2e0b3995de13957a2e62c46a5a3da34b&units=imperial"
272838,bo,churuni,-15.85,59.56,59.56,96,2.59,76,churuni,"http://api.openweathermap.org/data/2.5/weather?q=churuni,bo&APPID=2e0b3995de13957a2e62c46a5a3da34b&units=imperial"
278081,bo,huayculi,-17.6666667,71.6,71.6,60,5.82,75,huayculi,"http://api.openweathermap.org/data/2.5/weather?q=huayculi,bo&APPID=2e0b3995de13957a2e62c46a5a3da34b&units=imperial"
278802,bo,jatun rumi,-20.2333333,71.6,71.6,60,5.82,75,jatun rumi,"http://api.openweathermap.org/data/2.5/weather?q=jatun rumi,bo&APPID=2e0b3995de13957a2e62c46a5a3da34b&units=imperial"
286453,br,ajuda,-16.5,84.2,84.2,45,6.93,40,ajuda,"http://api.openweathermap.org/data/2.5/weather?q=ajuda,br&APPID=2e0b3995de13957a2e62c46a5a3da34b&units=imperial"
287673,br,aracatuba,-28.116667,80.31,80.31,79,11.54,44,aracatuba,"http://api.openweathermap.org/data/2.5/weather?q=aracatuba,br&APPID=2e0b3995de13957a2e62c46a5a3da34b&units=imperial"
289233,br,bananal,-20.25,80.6,80.6,83,11.41,75,bananal,"http://api.openweathermap.org/data/2.5/weather?q=bananal,br&APPID=2e0b3995de13957a2e62c46a5a3da34b&units=imperial"
290757,br,boa vista,-11.45,91.4,91.4,49,13.87,75,boa vista,"http://api.openweathermap.org/data/2.5/weather?q=boa vista,br&APPID=2e0b3995de13957a2e62c46a5a3da34b&units=imperial"
293578,br,capim grosso,-4.866667,90.25,90.25,41,10.09,0,capim grosso,"http://api.openweathermap.org/data/2.5/weather?q=capim grosso,br&APPID=2e0b3995de13957a2e62c46a5a3da34b&units=imperial"
296798,br,divino,-21.0,75.58,75.58,69,5.73,92,divino,"http://api.openweathermap.org/data/2.5/weather?q=divino,br&APPID=2e0b3995de13957a2e62c46a5a3da34b&units=imperial"
297840,br,fartura,-25.5208,70.59,70.59,100,5.55,92,fartura,"http://api.openweathermap.org/data/2.5/weather?q=fartura,br&APPID=2e0b3995de13957a2e62c46a5a3da34b&units=imperial"
301021,br,ibitira,-7.4,83.37,83.37,61,3.83,92,ibitira,"http://api.openweathermap.org/data/2.5/weather?q=ibitira,br&APPID=2e0b3995de13957a2e62c46a5a3da34b&units=imperial"
301484,br,ipanema,-19.783333,91.4,91.4,49,4.7,40,ipanema,"http://api.openweathermap.org/data/2.5/weather?q=ipanema,br&APPID=2e0b3995de13957a2e62c46a5a3da34b&units=imperial"
301553,br,ipojuca,-22.433332999999998,84.2,84.2,70,9.17,20,ipojuca,"http://api.openweathermap.org/data/2.5/weather?q=ipojuca,br&APPID=2e0b3995de13957a2e62c46a5a3da34b&units=imperial"
304492,br,lavras,-22.925,66.18,66.18,100,4.05,88,lavras,"http://api.openweathermap.org/data/2.5/weather?q=lavras,br&APPID=2e0b3995de13957a2e62c46a5a3da34b&units=imperial"
305282,br,malhadinha,-5.611944,85.93,85.93,79,5.06,32,malhadinha,"http://api.openweathermap.org/data/2.5/weather?q=malhadinha,br&APPID=2e0b3995de13957a2e62c46a5a3da34b&units=imperial"
305413,br,mandacaru,-8.333333,79.81,79.81,70,10.58,92,mandacaru,"http://api.openweathermap.org/data/2.5/weather?q=mandacaru,br&APPID=2e0b3995de13957a2e62c46a5a3da34b&units=imperial"
310716,br,pirajuba,-19.9,78.42,78.42,85,6.51,64,pirajuba,"http://api.openweathermap.org/data/2.5/weather?q=pirajuba,br&APPID=2e0b3995de13957a2e62c46a5a3da34b&units=imperial"
311271,br,ponta do mel,-4.95,81.61,81.61,100,19.71,76,ponta do mel,"http://api.openweathermap.org/data/2.5/weather?q=ponta do mel,br&APPID=2e0b3995de13957a2e62c46a5a3da34b&units=imperial"
312862,br,raizinha,-15.916667000000002,82.11,82.11,90,4.54,20,raizinha,"http://api.openweathermap.org/data/2.5/weather?q=raizinha,br&APPID=2e0b3995de13957a2e62c46a5a3da34b&units=imperial"
313518,br,riacho,-10.883333,92.73,92.73,37,11.81,12,riacho,"http://api.openweathermap.org/data/2.5/weather?q=riacho,br&APPID=2e0b3995de13957a2e62c46a5a3da34b&units=imperial"
313912,br,rio manso,-14.683333,84.2,84.2,45,6.93,40,rio manso,"http://api.openweathermap.org/data/2.5/weather?q=rio manso,br&APPID=2e0b3995de13957a2e62c46a5a3da34b&units=imperial"
314882,br,santa fe,-20.816667000000002,84.2,84.2,70,9.17,75,santa fe,"http://api.openweathermap.org/data/2.5/weather?q=santa fe,br&APPID=2e0b3995de13957a2e62c46a5a3da34b&units=imperial"
315172,br,santana,-2.6166669999999996,84.63,84.63,81,7.56,56,santana,"http://api.openweathermap.org/data/2.5/weather?q=santana,br&APPID=2e0b3995de13957a2e62c46a5a3da34b&units=imperial"
325325,br,sobrado,-11.733333,91.4,91.4,38,9.17,40,sobrado,"http://api.openweathermap.org/data/2.5/weather?q=sobrado,br&APPID=2e0b3995de13957a2e62c46a5a3da34b&units=imperial"
325400,br,sombrio,-5.474444,77.61,77.61,85,7.07,12,sombrio,"http://api.openweathermap.org/data/2.5/weather?q=sombrio,br&APPID=2e0b3995de13957a2e62c46a5a3da34b&units=imperial"
346533,ca,avenir,55.037778,18.12,18.12,68,8.08,68,avenir,"http://api.openweathermap.org/data/2.5/weather?q=avenir,ca&APPID=2e0b3995de13957a2e62c46a5a3da34b&units=imperial"
348419,ca,helina,54.487221999999996,15.1,15.1,78,10.92,32,helina,"http://api.openweathermap.org/data/2.5/weather?q=helina,ca&APPID=2e0b3995de13957a2e62c46a5a3da34b&units=imperial"
348649,ca,kanata,45.333333,6.8,8.6,77,12.75,90,kanata,"http://api.openweathermap.org/data/2.5/weather?q=kanata,ca&APPID=2e0b3995de13957a2e62c46a5a3da34b&units=imperial"
348852,ca,lake cowichan,48.816666999999995,28.4,35.6,100,3.87,75,lake cowichan,"http://api.openweathermap.org/data/2.5/weather?q=lake cowichan,ca&APPID=2e0b3995de13957a2e62c46a5a3da34b&units=imperial"
350689,ca,saint-germain-de-grantham,45.833333,11.82,11.82,72,5.77,92,saint-germain-de-grantham,"http://api.openweathermap.org/data/2.5/weather?q=saint-germain-de-grantham,ca&APPID=2e0b3995de13957a2e62c46a5a3da34b&units=imperial"
377596,cf,fafara,4.5,87.8,87.8,62,8.05,40,fafara,"http://api.openweathermap.org/data/2.5/weather?q=fafara,cf&APPID=2e0b3995de13957a2e62c46a5a3da34b&units=imperial"
388052,ch,fluhli,46.870973,39.2,41,100,2.24,90,fluhli,"http://api.openweathermap.org/data/2.5/weather?q=fluhli,ch&APPID=2e0b3995de13957a2e62c46a5a3da34b&units=imperial"
402940,ci,takoa,6.26825,77.83,77.83,81,2.53,0,takoa,"http://api.openweathermap.org/data/2.5/weather?q=takoa,ci&APPID=2e0b3995de13957a2e62c46a5a3da34b&units=imperial"
405201,cl,balmaceda,-45.916667,50,50,57,24.16,20,balmaceda,"http://api.openweathermap.org/data/2.5/weather?q=balmaceda,cl&APPID=2e0b3995de13957a2e62c46a5a3da34b&units=imperial"
405613,cl,chabunco,-53.016667000000005,50,50,53,23.04,40,chabunco,"http://api.openweathermap.org/data/2.5/weather?q=chabunco,cl&APPID=2e0b3995de13957a2e62c46a5a3da34b&units=imperial"
405746,cl,chile chico,-46.55,36.7,36.7,76,3.31,92,chile chico,"http://api.openweathermap.org/data/2.5/weather?q=chile chico,cl&APPID=2e0b3995de13957a2e62c46a5a3da34b&units=imperial"
406581,cl,farellones,-45.466667,82.4,82.4,24,12.75,0,farellones,"http://api.openweathermap.org/data/2.5/weather?q=farellones,cl&APPID=2e0b3995de13957a2e62c46a5a3da34b&units=imperial"
408504,cl,puerto natales,-51.733333,48.2,48.2,67,25.28,75,puerto natales,"http://api.openweathermap.org/data/2.5/weather?q=puerto natales,cl&APPID=2e0b3995de13957a2e62c46a5a3da34b&units=imperial"
408527,cl,puerto williams,-54.933333,46.4,46.4,61,27.51,75,puerto williams,"http://api.openweathermap.org/data/2.5/weather?q=puerto williams,cl&APPID=2e0b3995de13957a2e62c46a5a3da34b&units=imperial"
409234,cl,tres puentes,-53.11666700000001,70.14,70.14,76,3.31,8,tres puentes,"http://api.openweathermap.org/data/2.5/weather?q=tres puentes,cl&APPID=2e0b3995de13957a2e62c46a5a3da34b&units=imperial"
420972,cn,anyuan,34.81,41.38,41.38,83,2.3,92,anyuan,"http://api.openweathermap.org/data/2.5/weather?q=anyuan,cn&APPID=2e0b3995de13957a2e62c46a5a3da34b&units=imperial"
459385,cn,donglong,31.0,21.18,21.18,64,1.36,24,donglong,"http://api.openweathermap.org/data/2.5/weather?q=donglong,cn&APPID=2e0b3995de13957a2e62c46a5a3da34b&units=imperial"
460679,cn,dongxing,19.794425,29.05,29.05,78,2.75,32,dongxing,"http://api.openweathermap.org/data/2.5/weather?q=dongxing,cn&APPID=2e0b3995de13957a2e62c46a5a3da34b&units=imperial"
463601,cn,erjia,41.291412,43,43,92,9.75,64,erjia,"http://api.openweathermap.org/data/2.5/weather?q=erjia,cn&APPID=2e0b3995de13957a2e62c46a5a3da34b&units=imperial"
477010,cn,guochuan,32.156389000000004,23.56,23.56,83,4.88,68,guochuan,"http://api.openweathermap.org/data/2.5/weather?q=guochuan,cn&APPID=2e0b3995de13957a2e62c46a5a3da34b&units=imperial"
485752,cn,houan,28.738056,31.21,31.21,72,2.59,56,houan,"http://api.openweathermap.org/data/2.5/weather?q=houan,cn&APPID=2e0b3995de13957a2e62c46a5a3da34b&units=imperial"
501934,cn,jianshe,45.041682,38.23,38.23,90,2.26,80,jianshe,"http://api.openweathermap.org/data/2.5/weather?q=jianshe,cn&APPID=2e0b3995de13957a2e62c46a5a3da34b&units=imperial"
517749,cn,lengquan,38.489722,30.9,30.9,85,2.04,12,lengquan,"http://api.openweathermap.org/data/2.5/weather?q=lengquan,cn&APPID=2e0b3995de13957a2e62c46a5a3da34b&units=imperial"
520882,cn,lihua,27.044444,54.25,54.25,76,3.27,68,lihua,"http://api.openweathermap.org/data/2.5/weather?q=lihua,cn&APPID=2e0b3995de13957a2e62c46a5a3da34b&units=imperial"
527517,cn,longding,21.53934,31.26,31.26,80,2.37,0,longding,"http://api.openweathermap.org/data/2.5/weather?q=longding,cn&APPID=2e0b3995de13957a2e62c46a5a3da34b&units=imperial"
561017,cn,qingshui,36.618611,37.06,37.06,94,3.38,56,qingshui,"http://api.openweathermap.org/data/2.5/weather?q=qingshui,cn&APPID=2e0b3995de13957a2e62c46a5a3da34b&units=imperial"
577926,cn,shicun,29.943333000000003,20.1,20.1,81,0.29,36,shicun,"http://api.openweathermap.org/data/2.5/weather?q=shicun,cn&APPID=2e0b3995de13957a2e62c46a5a3da34b&units=imperial"
609869,cn,weijiayao,39.420724,19.38,19.38,58,9.24,32,weijiayao,"http://api.openweathermap.org/data/2.5/weather?q=weijiayao,cn&APPID=2e0b3995de13957a2e62c46a5a3da34b&units=imperial"
610826,cn,wenjiapo,35.337736,18.93,18.93,66,2.19,56,wenjiapo,"http://api.openweathermap.org/data/2.5/weather?q=wenjiapo,cn&APPID=2e0b3995de13957a2e62c46a5a3da34b&units=imperial"
634175,cn,yangjiayao,37.912778,19.38,19.38,58,9.24,32,yangjiayao,"http://api.openweathermap.org/data/2.5/weather?q=yangjiayao,cn&APPID=2e0b3995de13957a2e62c46a5a3da34b&units=imperial"
638537,cn,yehe,34.551186,9.16,9.16,74,5.55,0,yehe,"http://api.openweathermap.org/data/2.5/weather?q=yehe,cn&APPID=2e0b3995de13957a2e62c46a5a3da34b&units=imperial"
645021,cn,yujiaping,27.493889000000003,11.68,11.68,77,2.71,76,yujiaping,"http://api.openweathermap.org/data/2.5/weather?q=yujiaping,cn&APPID=2e0b3995de13957a2e62c46a5a3da34b&units=imperial"
645364,cn,yulong,27.837851,28.38,28.38,56,2.75,0,yulong,"http://api.openweathermap.org/data/2.5/weather?q=yulong,cn&APPID=2e0b3995de13957a2e62c46a5a3da34b&units=imperial"
646801,cn,yuxin,40.946278,41.97,41.97,86,2.82,68,yuxin,"http://api.openweathermap.org/data/2.5/weather?q=yuxin,cn&APPID=2e0b3995de13957a2e62c46a5a3da34b&units=imperial"
658561,co,alemania,8.548473,75.2,75.2,73,1.74,40,alemania,"http://api.openweathermap.org/data/2.5/weather?q=alemania,co&APPID=2e0b3995de13957a2e62c46a5a3da34b&units=imperial"
665604,co,el cucharo,2.6083830000000003,77,77,61,3.36,20,el cucharo,"http://api.openweathermap.org/data/2.5/weather?q=el cucharo,co&APPID=2e0b3995de13957a2e62c46a5a3da34b&units=imperial"
687069,cr,moravia,9.826406,75.2,82.4,69,5.82,40,moravia,"http://api.openweathermap.org/data/2.5/weather?q=moravia,cr&APPID=2e0b3995de13957a2e62c46a5a3da34b&units=imperial"
693397,cu,la trinidad,22.033333300000002,80.6,80.6,57,12.75,40,la trinidad,"http://api.openweathermap.org/data/2.5/weather?q=la trinidad,cu&APPID=2e0b3995de13957a2e62c46a5a3da34b&units=imperial"
698925,cy,gerasa,34.8041667,60.8,71.6,68,10.29,90,gerasa,"http://api.openweathermap.org/data/2.5/weather?q=gerasa,cy&APPID=2e0b3995de13957a2e62c46a5a3da34b&units=imperial"
711729,cz,mnichov,49.496849,41,41,86,3.36,0,mnichov,"http://api.openweathermap.org/data/2.5/weather?q=mnichov,cz&APPID=2e0b3995de13957a2e62c46a5a3da34b&units=imperial"
728028,de,birkungen,51.366667,39.2,41,93,4.7,75,birkungen,"http://api.openweathermap.org/data/2.5/weather?q=birkungen,de&APPID=2e0b3995de13957a2e62c46a5a3da34b&units=imperial"
728691,de,bodenwalz,47.766667,39.2,41,100,10.29,75,bodenwalz,"http://api.openweathermap.org/data/2.5/weather?q=bodenwalz,de&APPID=2e0b3995de13957a2e62c46a5a3da34b&units=imperial"
729655,de,braunsbedra,51.3,39.2,41,100,11.41,75,braunsbedra,"http://api.openweathermap.org/data/2.5/weather?q=braunsbedra,de&APPID=2e0b3995de13957a2e62c46a5a3da34b&units=imperial"
730870,de,bujendorf,54.11666700000001,41,41,100,5.82,0,bujendorf,"http://api.openweathermap.org/data/2.5/weather?q=bujendorf,de&APPID=2e0b3995de13957a2e62c46a5a3da34b&units=imperial"
733119,de,diepoltshof,49.466667,37.4,42.8,100,3.36,1,diepoltshof,"http://api.openweathermap.org/data/2.5/weather?q=diepoltshof,de&APPID=2e0b3995de13957a2e62c46a5a3da34b&units=imperial"
735243,de,ehestorf,53.25,39.2,41,100,5.82,20,ehestorf,"http://api.openweathermap.org/data/2.5/weather?q=ehestorf,de&APPID=2e0b3995de13957a2e62c46a5a3da34b&units=imperial"
736607,de,enzisreute,47.883333,39.2,41,100,5.82,90,enzisreute,"http://api.openweathermap.org/data/2.5/weather?q=enzisreute,de&APPID=2e0b3995de13957a2e62c46a5a3da34b&units=imperial"
738790,de,freiolsheim,48.85,44.6,46.4,93,5.82,90,freiolsheim,"http://api.openweathermap.org/data/2.5/weather?q=freiolsheim,de&APPID=2e0b3995de13957a2e62c46a5a3da34b&units=imperial"
741003,de,gleisberg,51.083333,39.2,41,93,9.17,75,gleisberg,"http://api.openweathermap.org/data/2.5/weather?q=gleisberg,de&APPID=2e0b3995de13957a2e62c46a5a3da34b&units=imperial"
741868,de,grabowhofe,53.566667,39.2,41,93,10.29,75,grabowhofe,"http://api.openweathermap.org/data/2.5/weather?q=grabowhofe,de&APPID=2e0b3995de13957a2e62c46a5a3da34b&units=imperial"
743616,de,grunau,50.65,39.2,41,93,9.17,75,grunau,"http://api.openweathermap.org/data/2.5/weather?q=grunau,de&APPID=2e0b3995de13957a2e62c46a5a3da34b&units=imperial"
744327,de,haby,54.4,37.4,41,93,8.05,40,haby,"http://api.openweathermap.org/data/2.5/weather?q=haby,de&APPID=2e0b3995de13957a2e62c46a5a3da34b&units=imperial"
749266,de,holzburg,48.316666999999995,41,41,100,4.7,75,holzburg,"http://api.openweathermap.org/data/2.5/weather?q=holzburg,de&APPID=2e0b3995de13957a2e62c46a5a3da34b&units=imperial"
750210,de,hunoldstal,50.3,41,46.4,93,2.24,75,hunoldstal,"http://api.openweathermap.org/data/2.5/weather?q=hunoldstal,de&APPID=2e0b3995de13957a2e62c46a5a3da34b&units=imperial"
756011,de,kranenburg,53.6,39.2,41,100,9.17,90,kranenburg,"http://api.openweathermap.org/data/2.5/weather?q=kranenburg,de&APPID=2e0b3995de13957a2e62c46a5a3da34b&units=imperial"
759942,de,loy,53.233332999999995,41,42.8,93,5.82,75,loy,"http://api.openweathermap.org/data/2.5/weather?q=loy,de&APPID=2e0b3995de13957a2e62c46a5a3da34b&units=imperial"
762353,de,miedelsbach,48.85,42.8,44.6,100,6.93,75,miedelsbach,"http://api.openweathermap.org/data/2.5/weather?q=miedelsbach,de&APPID=2e0b3995de13957a2e62c46a5a3da34b&units=imperial"
762448,de,milzau,51.383333,39.2,41,100,11.41,75,milzau,"http://api.openweathermap.org/data/2.5/weather?q=milzau,de&APPID=2e0b3995de13957a2e62c46a5a3da34b&units=imperial"
764907,de,neuenpleen,54.35,39.2,39.2,93,10.29,75,neuenpleen,"http://api.openweathermap.org/data/2.5/weather?q=neuenpleen,de&APPID=2e0b3995de13957a2e62c46a5a3da34b&units=imperial"
767732,de,oberfrielinghausen,50.983333,46.4,48.2,100,1.12,75,oberfrielinghausen,"http://api.openweathermap.org/data/2.5/weather?q=oberfrielinghausen,de&APPID=2e0b3995de13957a2e62c46a5a3da34b&units=imperial"
768005,de,oberickelsheim,49.6,42.8,42.8,100,4.38,90,oberickelsheim,"http://api.openweathermap.org/data/2.5/weather?q=oberickelsheim,de&APPID=2e0b3995de13957a2e62c46a5a3da34b&units=imperial"
769893,de,ossenberg,51.566666999999995,48.2,48.2,100,3.98,75,ossenberg,"http://api.openweathermap.org/data/2.5/weather?q=ossenberg,de&APPID=2e0b3995de13957a2e62c46a5a3da34b&units=imperial"
771800,de,ponitz,50.85,39.2,41,93,6.93,90,ponitz,"http://api.openweathermap.org/data/2.5/weather?q=ponitz,de&APPID=2e0b3995de13957a2e62c46a5a3da34b&units=imperial"
774828,de,rodde,54.0,39.2,42.8,93,5.82,75,rodde,"http://api.openweathermap.org/data/2.5/weather?q=rodde,de&APPID=2e0b3995de13957a2e62c46a5a3da34b&units=imperial"
776027,de,rupprechtstegen,49.6,37.4,42.8,100,3.36,75,rupprechtstegen,"http://api.openweathermap.org/data/2.5/weather?q=rupprechtstegen,de&APPID=2e0b3995de13957a2e62c46a5a3da34b&units=imperial"
779264,de,schwittersum,53.63333299999999,42.8,42.8,93,10.29,75,schwittersum,"http://api.openweathermap.org/data/2.5/weather?q=schwittersum,de&APPID=2e0b3995de13957a2e62c46a5a3da34b&units=imperial"
783777,de,thonlohe,49.033333,41,42.8,100,4.7,75,thonlohe,"http://api.openweathermap.org/data/2.5/weather?q=thonlohe,de&APPID=2e0b3995de13957a2e62c46a5a3da34b&units=imperial"
784101,de,toppel,51.983333,41,41,93,11.41,75,toppel,"http://api.openweathermap.org/data/2.5/weather?q=toppel,de&APPID=2e0b3995de13957a2e62c46a5a3da34b&units=imperial"
788820,de,weiperfelden,50.416667,41,46.4,100,2.98,90,weiperfelden,"http://api.openweathermap.org/data/2.5/weather?q=weiperfelden,de&APPID=2e0b3995de13957a2e62c46a5a3da34b&units=imperial"
790054,de,wielen,47.9,37.4,41,100,5.82,0,wielen,"http://api.openweathermap.org/data/2.5/weather?q=wielen,de&APPID=2e0b3995de13957a2e62c46a5a3da34b&units=imperial"
792401,de,ziegelreuth,47.95,37.4,41,100,6.93,90,ziegelreuth,"http://api.openweathermap.org/data/2.5/weather?q=ziegelreuth,de&APPID=2e0b3995de13957a2e62c46a5a3da34b&units=imperial"
823984,ec,el paramo,-1.5166667,73.4,73.4,88,4.7,90,el paramo,"http://api.openweathermap.org/data/2.5/weather?q=el paramo,ec&APPID=2e0b3995de13957a2e62c46a5a3da34b&units=imperial"
826619,ec,la hueca,-3.9086111000000003,76.08,76.08,65,1.86,36,la hueca,"http://api.openweathermap.org/data/2.5/weather?q=la hueca,ec&APPID=2e0b3995de13957a2e62c46a5a3da34b&units=imperial"
828171,ec,pomasqui,-0.05,61.9,61.9,94,2.48,92,pomasqui,"http://api.openweathermap.org/data/2.5/weather?q=pomasqui,ec&APPID=2e0b3995de13957a2e62c46a5a3da34b&units=imperial"
830047,ec,ulba,-1.4,62.6,62.6,72,6.93,75,ulba,"http://api.openweathermap.org/data/2.5/weather?q=ulba,ec&APPID=2e0b3995de13957a2e62c46a5a3da34b&units=imperial"
833455,ee,lahe,58.237777799999996,33.8,33.8,96,10.29,75,lahe,"http://api.openweathermap.org/data/2.5/weather?q=lahe,ee&APPID=2e0b3995de13957a2e62c46a5a3da34b&units=imperial"
836729,ee,raiste,57.91972220000001,33.8,33.8,100,10.29,75,raiste,"http://api.openweathermap.org/data/2.5/weather?q=raiste,ee&APPID=2e0b3995de13957a2e62c46a5a3da34b&units=imperial"
838773,ee,vaabina,57.8638889,33.8,33.8,100,10.29,75,vaabina,"http://api.openweathermap.org/data/2.5/weather?q=vaabina,ee&APPID=2e0b3995de13957a2e62c46a5a3da34b&units=imperial"
855155,es,aceituna,40.150078,44.94,44.94,75,6.06,0,aceituna,"http://api.openweathermap.org/data/2.5/weather?q=aceituna,es&APPID=2e0b3995de13957a2e62c46a5a3da34b&units=imperial"
870597,es,la fresneda,39.714027,45.7,45.7,70,8.75,56,la fresneda,"http://api.openweathermap.org/data/2.5/weather?q=la fresneda,es&APPID=2e0b3995de13957a2e62c46a5a3da34b&units=imperial"
879513,es,saelices el chico,40.669979999999995,42.46,42.46,86,7.07,0,saelices el chico,"http://api.openweathermap.org/data/2.5/weather?q=saelices el chico,es&APPID=2e0b3995de13957a2e62c46a5a3da34b&units=imperial"
883925,es,valdesaz,40.730763,55.4,55.4,47,3.36,0,valdesaz,"http://api.openweathermap.org/data/2.5/weather?q=valdesaz,es&APPID=2e0b3995de13957a2e62c46a5a3da34b&units=imperial"
884927,es,villa del rio,37.98108,57.2,57.2,54,2.04,0,villa del rio,"http://api.openweathermap.org/data/2.5/weather?q=villa del rio,es&APPID=2e0b3995de13957a2e62c46a5a3da34b&units=imperial"
905629,fi,leppavirta,62.483332999999995,28.4,28.4,92,5.82,90,leppavirta,"http://api.openweathermap.org/data/2.5/weather?q=leppavirta,fi&APPID=2e0b3995de13957a2e62c46a5a3da34b&units=imperial"
912432,fi,vaskiluoto,63.1,24.8,24.8,92,2.24,0,vaskiluoto,"http://api.openweathermap.org/data/2.5/weather?q=vaskiluoto,fi&APPID=2e0b3995de13957a2e62c46a5a3da34b&units=imperial"
914834,fk,fitzroy north,-51.7333333,55.4,55.4,50,20.8,75,fitzroy north,"http://api.openweathermap.org/data/2.5/weather?q=fitzroy north,fk&APPID=2e0b3995de13957a2e62c46a5a3da34b&units=imperial"
914841,fk,goose green,-51.8166667,55.4,55.4,50,20.8,75,goose green,"http://api.openweathermap.org/data/2.5/weather?q=goose green,fk&APPID=2e0b3995de13957a2e62c46a5a3da34b&units=imperial"
914852,fk,mare harbour rancho,-51.9,55.4,55.4,50,20.8,75,mare harbour rancho,"http://api.openweathermap.org/data/2.5/weather?q=mare harbour rancho,fk&APPID=2e0b3995de13957a2e62c46a5a3da34b&units=imperial"
920797,fr,benon,46.205112,48.2,50,93,4.7,90,benon,"http://api.openweathermap.org/data/2.5/weather?q=benon,fr&APPID=2e0b3995de13957a2e62c46a5a3da34b&units=imperial"
922962,fr,bourdettes,43.200001,44.6,44.6,93,2.24,90,bourdettes,"http://api.openweathermap.org/data/2.5/weather?q=bourdettes,fr&APPID=2e0b3995de13957a2e62c46a5a3da34b&units=imperial"
927127,fr,charpentry,49.257934000000006,45.25,45.25,98,3.83,88,charpentry,"http://api.openweathermap.org/data/2.5/weather?q=charpentry,fr&APPID=2e0b3995de13957a2e62c46a5a3da34b&units=imperial"
927464,fr,chatel,46.266585,41,46.4,100,1.12,90,chatel,"http://api.openweathermap.org/data/2.5/weather?q=chatel,fr&APPID=2e0b3995de13957a2e62c46a5a3da34b&units=imperial"
928386,fr,chilly,49.837858000000004,41,42.8,80,2.24,90,chilly,"http://api.openweathermap.org/data/2.5/weather?q=chilly,fr&APPID=2e0b3995de13957a2e62c46a5a3da34b&units=imperial"
930298,fr,courgenard,48.151807,50,50,93,3.36,90,courgenard,"http://api.openweathermap.org/data/2.5/weather?q=courgenard,fr&APPID=2e0b3995de13957a2e62c46a5a3da34b&units=imperial"
931447,fr,damvix,46.315277,48.2,50,87,2.24,90,damvix,"http://api.openweathermap.org/data/2.5/weather?q=damvix,fr&APPID=2e0b3995de13957a2e62c46a5a3da34b&units=imperial"
932348,fr,druy-parigny,46.870189,46.4,48.2,93,2.24,90,druy-parigny,"http://api.openweathermap.org/data/2.5/weather?q=druy-parigny,fr&APPID=2e0b3995de13957a2e62c46a5a3da34b&units=imperial"
942672,fr,la fromagerie,48.465005,50,50,93,3.36,90,la fromagerie,"http://api.openweathermap.org/data/2.5/weather?q=la fromagerie,fr&APPID=2e0b3995de13957a2e62c46a5a3da34b&units=imperial"
942842,fr,lagny-le-sec,49.086886,50,50,93,3.36,75,lagny-le-sec,"http://api.openweathermap.org/data/2.5/weather?q=lagny-le-sec,fr&APPID=2e0b3995de13957a2e62c46a5a3da34b&units=imperial"
944286,fr,la norville,48.58243,50,50,93,2.75,75,la norville,"http://api.openweathermap.org/data/2.5/weather?q=la norville,fr&APPID=2e0b3995de13957a2e62c46a5a3da34b&units=imperial"
950362,fr,les deserts,45.46195,46.4,46.4,100,4.7,90,les deserts,"http://api.openweathermap.org/data/2.5/weather?q=les deserts,fr&APPID=2e0b3995de13957a2e62c46a5a3da34b&units=imperial"
955563,fr,marnand,46.035262,44.6,48.2,93,9.17,90,marnand,"http://api.openweathermap.org/data/2.5/weather?q=marnand,fr&APPID=2e0b3995de13957a2e62c46a5a3da34b&units=imperial"
957047,fr,meyronne,44.876678999999996,42.8,46.4,93,8.05,90,meyronne,"http://api.openweathermap.org/data/2.5/weather?q=meyronne,fr&APPID=2e0b3995de13957a2e62c46a5a3da34b&units=imperial"
963665,fr,plouisy,48.57817,50,51.8,93,4.7,75,plouisy,"http://api.openweathermap.org/data/2.5/weather?q=plouisy,fr&APPID=2e0b3995de13957a2e62c46a5a3da34b&units=imperial"
965114,fr,puchevillers,50.054218,48.2,50,100,4.7,90,puchevillers,"http://api.openweathermap.org/data/2.5/weather?q=puchevillers,fr&APPID=2e0b3995de13957a2e62c46a5a3da34b&units=imperial"
965416,fr,quasquara,41.900827,44.6,50,81,2.24,0,quasquara,"http://api.openweathermap.org/data/2.5/weather?q=quasquara,fr&APPID=2e0b3995de13957a2e62c46a5a3da34b&units=imperial"
971982,fr,saint-martin-sainte-catherine,45.961717,44.6,44.6,100,5.82,90,saint-martin-sainte-catherine,"http://api.openweathermap.org/data/2.5/weather?q=saint-martin-sainte-catherine,fr&APPID=2e0b3995de13957a2e62c46a5a3da34b&units=imperial"
972781,fr,saint-pierre-de-belleville,45.466087,41,42.8,75,1.36,90,saint-pierre-de-belleville,"http://api.openweathermap.org/data/2.5/weather?q=saint-pierre-de-belleville,fr&APPID=2e0b3995de13957a2e62c46a5a3da34b&units=imperial"
975008,fr,segonzac,45.275602,48.2,50,81,2.24,90,segonzac,"http://api.openweathermap.org/data/2.5/weather?q=segonzac,fr&APPID=2e0b3995de13957a2e62c46a5a3da34b&units=imperial"
976494,fr,sury,47.025814000000004,46.4,46.4,93,4.7,56,sury,"http://api.openweathermap.org/data/2.5/weather?q=sury,fr&APPID=2e0b3995de13957a2e62c46a5a3da34b&units=imperial"
981967,fr,vosnon,48.105181,48.2,48.2,93,5.82,90,vosnon,"http://api.openweathermap.org/data/2.5/weather?q=vosnon,fr&APPID=2e0b3995de13957a2e62c46a5a3da34b&units=imperial"
987726,gb,batcombe,50.833333,48.2,51.8,100,2.24,90,batcombe,"http://api.openweathermap.org/data/2.5/weather?q=batcombe,gb&APPID=2e0b3995de13957a2e62c46a5a3da34b&units=imperial"
987742,gb,baughurst,51.333333,50,51.8,100,2.24,75,baughurst,"http://api.openweathermap.org/data/2.5/weather?q=baughurst,gb&APPID=2e0b3995de13957a2e62c46a5a3da34b&units=imperial"
1003262,gb,west hatch,50.983333,48.2,51.8,93,2.24,75,west hatch,"http://api.openweathermap.org/data/2.5/weather?q=west hatch,gb&APPID=2e0b3995de13957a2e62c46a5a3da34b&units=imperial"
1006598,ge,gegelidzeebi,41.6333333,44.6,46.4,100,4.7,90,gegelidzeebi,"http://api.openweathermap.org/data/2.5/weather?q=gegelidzeebi,ge&APPID=2e0b3995de13957a2e62c46a5a3da34b&units=imperial"
1034705,gn,koendou,8.5044444,80.76,80.76,27,9.57,48,koendou,"http://api.openweathermap.org/data/2.5/weather?q=koendou,gn&APPID=2e0b3995de13957a2e62c46a5a3da34b&units=imperial"
1056634,gr,neromyloi,41.0194444,33.8,33.8,100,12.75,90,neromyloi,"http://api.openweathermap.org/data/2.5/weather?q=neromyloi,gr&APPID=2e0b3995de13957a2e62c46a5a3da34b&units=imperial"
1064911,gs,grytviken,-54.2766667,39.81,39.81,89,14.16,24,grytviken,"http://api.openweathermap.org/data/2.5/weather?q=grytviken,gs&APPID=2e0b3995de13957a2e62c46a5a3da34b&units=imperial"
1080136,hn,chamelecon,15.233333300000002,78.8,84.2,74,4.7,40,chamelecon,"http://api.openweathermap.org/data/2.5/weather?q=chamelecon,hn&APPID=2e0b3995de13957a2e62c46a5a3da34b&units=imperial"
1085816,hn,las trojes,15.1,71.04,71.04,100,4.88,92,las trojes,"http://api.openweathermap.org/data/2.5/weather?q=las trojes,hn&APPID=2e0b3995de13957a2e62c46a5a3da34b&units=imperial"
1090308,hn,tierra blanca,14.5333333,74.73,74.73,74,2.59,0,tierra blanca,"http://api.openweathermap.org/data/2.5/weather?q=tierra blanca,hn&APPID=2e0b3995de13957a2e62c46a5a3da34b&units=imperial"
1108297,ht,jeanton,19.0666667,86.11,86.11,52,6.4,0,jeanton,"http://api.openweathermap.org/data/2.5/weather?q=jeanton,ht&APPID=2e0b3995de13957a2e62c46a5a3da34b&units=imperial"
1112577,ht,sannois,19.2333333,86.11,86.11,52,6.4,0,sannois,"http://api.openweathermap.org/data/2.5/weather?q=sannois,ht&APPID=2e0b3995de13957a2e62c46a5a3da34b&units=imperial"
1133581,id,alastuwo,-6.9872,67.21,67.21,98,1.52,32,alastuwo,"http://api.openweathermap.org/data/2.5/weather?q=alastuwo,id&APPID=2e0b3995de13957a2e62c46a5a3da34b&units=imperial"
1138367,id,bajak,3.2397,71.85,71.85,99,3.38,68,bajak,"http://api.openweathermap.org/data/2.5/weather?q=bajak,id&APPID=2e0b3995de13957a2e62c46a5a3da34b&units=imperial"
1144130,id,bapuhbandung,-7.0748,77,77,94,4.7,40,bapuhbandung,"http://api.openweathermap.org/data/2.5/weather?q=bapuhbandung,id&APPID=2e0b3995de13957a2e62c46a5a3da34b&units=imperial"
1145001,id,batanghari,-5.140948000000001,74.95,74.95,99,7.11,20,batanghari,"http://api.openweathermap.org/data/2.5/weather?q=batanghari,id&APPID=2e0b3995de13957a2e62c46a5a3da34b&units=imperial"
1146945,id,bedeng dua,-6.460278,64.56,64.56,99,1.48,92,bedeng dua,"http://api.openweathermap.org/data/2.5/weather?q=bedeng dua,id&APPID=2e0b3995de13957a2e62c46a5a3da34b&units=imperial"
1154889,id,brumbun,-7.0178,67.44,67.44,96,2.08,80,brumbun,"http://api.openweathermap.org/data/2.5/weather?q=brumbun,id&APPID=2e0b3995de13957a2e62c46a5a3da34b&units=imperial"
1156747,id,bungasrejo,-6.7432,75.13,75.13,100,4.54,64,bungasrejo,"http://api.openweathermap.org/data/2.5/weather?q=bungasrejo,id&APPID=2e0b3995de13957a2e62c46a5a3da34b&units=imperial"
1157016,id,buniwangi,-6.813889,64.47,64.47,100,0.81,92,buniwangi,"http://api.openweathermap.org/data/2.5/weather?q=buniwangi,id&APPID=2e0b3995de13957a2e62c46a5a3da34b&units=imperial"
1161395,id,cigaleuh,-6.415833,64.65,64.65,99,2.19,92,cigaleuh,"http://api.openweathermap.org/data/2.5/weather?q=cigaleuh,id&APPID=2e0b3995de13957a2e62c46a5a3da34b&units=imperial"
1166831,id,cisondari,-7.0934,64.47,64.47,100,0.81,92,cisondari,"http://api.openweathermap.org/data/2.5/weather?q=cisondari,id&APPID=2e0b3995de13957a2e62c46a5a3da34b&units=imperial"
1168409,id,curio,-3.3161,69.28,69.28,92,2.53,48,curio,"http://api.openweathermap.org/data/2.5/weather?q=curio,id&APPID=2e0b3995de13957a2e62c46a5a3da34b&units=imperial"
1175553,id,dusun tiga solimandungan satu,0.8405,73.74,73.74,94,1.59,76,dusun tiga solimandungan satu,"http://api.openweathermap.org/data/2.5/weather?q=dusun tiga solimandungan satu,id&APPID=2e0b3995de13957a2e62c46a5a3da34b&units=imperial"
1181984,id,gosari,-6.555,77,77,94,4.7,40,gosari,"http://api.openweathermap.org/data/2.5/weather?q=gosari,id&APPID=2e0b3995de13957a2e62c46a5a3da34b&units=imperial"
1184155,id,gunungwilis,-7.1863,71.13,71.13,100,2.3,88,gunungwilis,"http://api.openweathermap.org/data/2.5/weather?q=gunungwilis,id&APPID=2e0b3995de13957a2e62c46a5a3da34b&units=imperial"
1185087,id,heret,-8.4076,71.85,71.85,99,3.38,68,heret,"http://api.openweathermap.org/data/2.5/weather?q=heret,id&APPID=2e0b3995de13957a2e62c46a5a3da34b&units=imperial"
1191747,id,kadujajar,-6.748255,67.21,67.21,90,3.76,8,kadujajar,"http://api.openweathermap.org/data/2.5/weather?q=kadujajar,id&APPID=2e0b3995de13957a2e62c46a5a3da34b&units=imperial"
1193513,id,kalijati,-6.3074,66.18,66.18,93,2.71,20,kalijati,"http://api.openweathermap.org/data/2.5/weather?q=kalijati,id&APPID=2e0b3995de13957a2e62c46a5a3da34b&units=imperial"
1197851,id,karanggebang,-6.490556,67.44,67.44,96,2.08,80,karanggebang,"http://api.openweathermap.org/data/2.5/weather?q=karanggebang,id&APPID=2e0b3995de13957a2e62c46a5a3da34b&units=imperial"
1198295,id,karangmalang,-6.246389,67.98,67.98,97,2.48,88,karangmalang,"http://api.openweathermap.org/data/2.5/weather?q=karangmalang,id&APPID=2e0b3995de13957a2e62c46a5a3da34b&units=imperial"
1205212,id,kertajaya,-6.175833,66.18,66.18,93,2.71,20,kertajaya,"http://api.openweathermap.org/data/2.5/weather?q=kertajaya,id&APPID=2e0b3995de13957a2e62c46a5a3da34b&units=imperial"
1205781,id,ketitang,-7.5648,67.21,67.21,98,1.52,32,ketitang,"http://api.openweathermap.org/data/2.5/weather?q=ketitang,id&APPID=2e0b3995de13957a2e62c46a5a3da34b&units=imperial"
1206834,id,klampok,-6.062222,69.78,69.78,96,2.3,88,klampok,"http://api.openweathermap.org/data/2.5/weather?q=klampok,id&APPID=2e0b3995de13957a2e62c46a5a3da34b&units=imperial"
1212336,id,kutoharjo,-6.7056,75.13,75.13,100,4.54,64,kutoharjo,"http://api.openweathermap.org/data/2.5/weather?q=kutoharjo,id&APPID=2e0b3995de13957a2e62c46a5a3da34b&units=imperial"
1231787,id,muara,-1.016667,70.86,70.86,94,3.71,80,muara,"http://api.openweathermap.org/data/2.5/weather?q=muara,id&APPID=2e0b3995de13957a2e62c46a5a3da34b&units=imperial"
1236472,id,nglinduk,-7.193333,70.5,70.5,99,2.37,24,nglinduk,"http://api.openweathermap.org/data/2.5/weather?q=nglinduk,id&APPID=2e0b3995de13957a2e62c46a5a3da34b&units=imperial"
1241927,id,palaan,-8.1049,78.24,78.24,98,9.53,76,palaan,"http://api.openweathermap.org/data/2.5/weather?q=palaan,id&APPID=2e0b3995de13957a2e62c46a5a3da34b&units=imperial"
1247275,id,pasatan,-6.8227,78.69,78.69,100,8.01,80,pasatan,"http://api.openweathermap.org/data/2.5/weather?q=pasatan,id&APPID=2e0b3995de13957a2e62c46a5a3da34b&units=imperial"
1254213,id,pilangbango,-6.8972,67.44,67.44,96,2.08,80,pilangbango,"http://api.openweathermap.org/data/2.5/weather?q=pilangbango,id&APPID=2e0b3995de13957a2e62c46a5a3da34b&units=imperial"
1254422,id,pindrikan lor,-6.9777,69.28,69.28,100,2.3,64,pindrikan lor,"http://api.openweathermap.org/data/2.5/weather?q=pindrikan lor,id&APPID=2e0b3995de13957a2e62c46a5a3da34b&units=imperial"
1257605,id,poreang,-6.8963,66.99,66.99,99,0.96,68,poreang,"http://api.openweathermap.org/data/2.5/weather?q=poreang,id&APPID=2e0b3995de13957a2e62c46a5a3da34b&units=imperial"
1271491,id,selo,-7.6275,70.5,70.5,99,2.37,24,selo,"http://api.openweathermap.org/data/2.5/weather?q=selo,id&APPID=2e0b3995de13957a2e62c46a5a3da34b&units=imperial"
1273120,id,serang kulon,-6.8696,78.6,78.6,100,5.28,92,serang kulon,"http://api.openweathermap.org/data/2.5/weather?q=serang kulon,id&APPID=2e0b3995de13957a2e62c46a5a3da34b&units=imperial"
1289100,id,tanoh mirah,4.5217,78.78,78.78,100,3.6,64,tanoh mirah,"http://api.openweathermap.org/data/2.5/weather?q=tanoh mirah,id&APPID=2e0b3995de13957a2e62c46a5a3da34b&units=imperial"
1291447,id,telengsari,-8.1814,76.26,76.26,100,1.36,88,telengsari,"http://api.openweathermap.org/data/2.5/weather?q=telengsari,id&APPID=2e0b3995de13957a2e62c46a5a3da34b&units=imperial"
1292411,id,tenda,-8.61,80.94,80.94,100,11.32,56,tenda,"http://api.openweathermap.org/data/2.5/weather?q=tenda,id&APPID=2e0b3995de13957a2e62c46a5a3da34b&units=imperial"
1300537,id,tugurejo,-7.2671,68.11,68.11,98,1.81,92,tugurejo,"http://api.openweathermap.org/data/2.5/weather?q=tugurejo,id&APPID=2e0b3995de13957a2e62c46a5a3da34b&units=imperial"
1307797,id,wolomotong,-8.7004,82.02,82.02,100,12.44,80,wolomotong,"http://api.openweathermap.org/data/2.5/weather?q=wolomotong,id&APPID=2e0b3995de13957a2e62c46a5a3da34b&units=imperial"
1315771,ie,millstreet,52.163611100000004,50,50,100,6.93,75,millstreet,"http://api.openweathermap.org/data/2.5/weather?q=millstreet,ie&APPID=2e0b3995de13957a2e62c46a5a3da34b&units=imperial"
1331642,in,dhandharphal,19.533333,59.83,59.83,81,5.28,36,dhandharphal,"http://api.openweathermap.org/data/2.5/weather?q=dhandharphal,in&APPID=2e0b3995de13957a2e62c46a5a3da34b&units=imperial"
1349749,in,onnupuram,12.716667,68.43,68.43,87,5.84,76,onnupuram,"http://api.openweathermap.org/data/2.5/weather?q=onnupuram,in&APPID=2e0b3995de13957a2e62c46a5a3da34b&units=imperial"
1386688,ir,asadabad-e sofla,31.0602,48.27,48.27,77,1.59,12,asadabad-e sofla,"http://api.openweathermap.org/data/2.5/weather?q=asadabad-e sofla,ir&APPID=2e0b3995de13957a2e62c46a5a3da34b&units=imperial"
1393984,ir,belverdi-ye bala,34.3657,53.6,53.6,57,3.09,75,belverdi-ye bala,"http://api.openweathermap.org/data/2.5/weather?q=belverdi-ye bala,ir&APPID=2e0b3995de13957a2e62c46a5a3da34b&units=imperial"
1430394,ir,jami,37.377131,51.8,51.8,40,9.17,0,jami,"http://api.openweathermap.org/data/2.5/weather?q=jami,ir&APPID=2e0b3995de13957a2e62c46a5a3da34b&units=imperial"
1450686,ir,mahtabi,33.0557,48.27,48.27,77,1.59,12,mahtabi,"http://api.openweathermap.org/data/2.5/weather?q=mahtabi,ir&APPID=2e0b3995de13957a2e62c46a5a3da34b&units=imperial"
1460768,ir,neyshabur,36.213288,32.43,32.43,74,1.74,0,neyshabur,"http://api.openweathermap.org/data/2.5/weather?q=neyshabur,ir&APPID=2e0b3995de13957a2e62c46a5a3da34b&units=imperial"
1467286,ir,qalatak,32.497223999999996,44.08,44.08,90,1.52,0,qalatak,"http://api.openweathermap.org/data/2.5/weather?q=qalatak,ir&APPID=2e0b3995de13957a2e62c46a5a3da34b&units=imperial"
1506940,it,casalbagliano,44.9,35.6,51.8,34,8.05,0,casalbagliano,"http://api.openweathermap.org/data/2.5/weather?q=casalbagliano,it&APPID=2e0b3995de13957a2e62c46a5a3da34b&units=imperial"
1510479,it,favaro veneto,45.498889,37.4,39.2,74,4.7,0,favaro veneto,"http://api.openweathermap.org/data/2.5/weather?q=favaro veneto,it&APPID=2e0b3995de13957a2e62c46a5a3da34b&units=imperial"
1516830,it,pietrapiana,39.433333000000005,42.8,42.8,81,1.12,0,pietrapiana,"http://api.openweathermap.org/data/2.5/weather?q=pietrapiana,it&APPID=2e0b3995de13957a2e62c46a5a3da34b&units=imperial"
1519154,it,san cassiano,46.266667,48.2,48.2,61,14.99,0,san cassiano,"http://api.openweathermap.org/data/2.5/weather?q=san cassiano,it&APPID=2e0b3995de13957a2e62c46a5a3da34b&units=imperial"
1521991,it,tavolero,42.666667,51.8,53.6,100,3.36,0,tavolero,"http://api.openweathermap.org/data/2.5/weather?q=tavolero,it&APPID=2e0b3995de13957a2e62c46a5a3da34b&units=imperial"
1545832,jp,yahata,36.266667,23,23,92,2.24,75,yahata,"http://api.openweathermap.org/data/2.5/weather?q=yahata,jp&APPID=2e0b3995de13957a2e62c46a5a3da34b&units=imperial"
1546943,ke,dundani,-4.0833333,77.34,77.34,73,11.59,12,dundani,"http://api.openweathermap.org/data/2.5/weather?q=dundani,ke&APPID=2e0b3995de13957a2e62c46a5a3da34b&units=imperial"
1549139,ke,port florence,-0.1,64.4,82.4,45,9.17,40,port florence,"http://api.openweathermap.org/data/2.5/weather?q=port florence,ke&APPID=2e0b3995de13957a2e62c46a5a3da34b&units=imperial"
1565833,km,chandra,-12.195,83.73,83.73,100,10.58,68,chandra,"http://api.openweathermap.org/data/2.5/weather?q=chandra,km&APPID=2e0b3995de13957a2e62c46a5a3da34b&units=imperial"
1617815,kr,nuhari,35.528408,26.6,26.6,79,1.12,0,nuhari,"http://api.openweathermap.org/data/2.5/weather?q=nuhari,kr&APPID=2e0b3995de13957a2e62c46a5a3da34b&units=imperial"
1642283,kz,bannovka,53.726110999999996,-4.57,-4.57,52,4.83,0,bannovka,"http://api.openweathermap.org/data/2.5/weather?q=bannovka,kz&APPID=2e0b3995de13957a2e62c46a5a3da34b&units=imperial"
1650708,kz,qulsary,46.983333,22.93,22.93,89,7.78,92,qulsary,"http://api.openweathermap.org/data/2.5/weather?q=qulsary,kz&APPID=2e0b3995de13957a2e62c46a5a3da34b&units=imperial"
1680803,lk,bowala,7.15,78.91,78.91,100,14.79,36,bowala,"http://api.openweathermap.org/data/2.5/weather?q=bowala,lk&APPID=2e0b3995de13957a2e62c46a5a3da34b&units=imperial"
1680842,lk,buddiyagama,6.1666667,78.91,78.91,100,14.79,36,buddiyagama,"http://api.openweathermap.org/data/2.5/weather?q=buddiyagama,lk&APPID=2e0b3995de13957a2e62c46a5a3da34b&units=imperial"
1705013,lr,willieta,6.55,82.4,82.4,61,3.36,75,willieta,"http://api.openweathermap.org/data/2.5/weather?q=willieta,lr&APPID=2e0b3995de13957a2e62c46a5a3da34b&units=imperial"
1716809,lt,piliuona,54.783333299999995,33.8,33.8,86,5.82,90,piliuona,"http://api.openweathermap.org/data/2.5/weather?q=piliuona,lt&APPID=2e0b3995de13957a2e62c46a5a3da34b&units=imperial"
1717610,lt,puskelniai,54.6166667,33.8,33.8,86,5.82,90,puskelniai,"http://api.openweathermap.org/data/2.5/weather?q=puskelniai,lt&APPID=2e0b3995de13957a2e62c46a5a3da34b&units=imperial"
1758862,ma,tadrart,30.774773,64.4,64.4,48,12.75,0,tadrart,"http://api.openweathermap.org/data/2.5/weather?q=tadrart,ma&APPID=2e0b3995de13957a2e62c46a5a3da34b&units=imperial"
1782382,mg,antanimora,-21.6,69.8,69.8,77,3.36,75,antanimora,"http://api.openweathermap.org/data/2.5/weather?q=antanimora,mg&APPID=2e0b3995de13957a2e62c46a5a3da34b&units=imperial"
1787464,mg,mahavanona,-17.3,72.21,72.21,98,1.86,92,mahavanona,"http://api.openweathermap.org/data/2.5/weather?q=mahavanona,mg&APPID=2e0b3995de13957a2e62c46a5a3da34b&units=imperial"
1790077,mg,sahalava,-21.1833333,64.92,64.92,97,1.52,92,sahalava,"http://api.openweathermap.org/data/2.5/weather?q=sahalava,mg&APPID=2e0b3995de13957a2e62c46a5a3da34b&units=imperial"
1792228,mg,vohibary,-22.4166667,73.96,73.96,73,2.86,32,vohibary,"http://api.openweathermap.org/data/2.5/weather?q=vohibary,mg&APPID=2e0b3995de13957a2e62c46a5a3da34b&units=imperial"
1857153,mx,acanceh,20.816667000000002,82.4,82.4,61,16.11,20,acanceh,"http://api.openweathermap.org/data/2.5/weather?q=acanceh,mx&APPID=2e0b3995de13957a2e62c46a5a3da34b&units=imperial"
1858728,mx,amealco,18.633333,60.8,60.8,48,2.24,75,amealco,"http://api.openweathermap.org/data/2.5/weather?q=amealco,mx&APPID=2e0b3995de13957a2e62c46a5a3da34b&units=imperial"
1871913,mx,el durazno,19.083333,77.38,77.38,38,2.3,8,el durazno,"http://api.openweathermap.org/data/2.5/weather?q=el durazno,mx&APPID=2e0b3995de13957a2e62c46a5a3da34b&units=imperial"
1900257,mx,rancho alamo,29.366667,47.46,47.46,35,4.27,0,rancho alamo,"http://api.openweathermap.org/data/2.5/weather?q=rancho alamo,mx&APPID=2e0b3995de13957a2e62c46a5a3da34b&units=imperial"
1903923,mx,rincon viejo,16.9,82.2,82.2,79,3.04,0,rincon viejo,"http://api.openweathermap.org/data/2.5/weather?q=rincon viejo,mx&APPID=2e0b3995de13957a2e62c46a5a3da34b&units=imperial"
1967280,na,katima mulilo,-17.5,74.55,74.55,86,1.7,36,katima mulilo,"http://api.openweathermap.org/data/2.5/weather?q=katima mulilo,na&APPID=2e0b3995de13957a2e62c46a5a3da34b&units=imperial"
1968336,na,oshakati,-17.5,82.2,82.2,44,3.04,48,oshakati,"http://api.openweathermap.org/data/2.5/weather?q=oshakati,na&APPID=2e0b3995de13957a2e62c46a5a3da34b&units=imperial"
1977508,ne,tessaoua,13.753333300000001,78.28,78.28,37,5.88,8,tessaoua,"http://api.openweathermap.org/data/2.5/weather?q=tessaoua,ne&APPID=2e0b3995de13957a2e62c46a5a3da34b&units=imperial"
1984888,ng,barbo,8.6,87.06,87.06,59,2.04,48,barbo,"http://api.openweathermap.org/data/2.5/weather?q=barbo,ng&APPID=2e0b3995de13957a2e62c46a5a3da34b&units=imperial"
1990100,ng,emekeobibi,5.4166669999999995,86,86,74,5.82,40,emekeobibi,"http://api.openweathermap.org/data/2.5/weather?q=emekeobibi,ng&APPID=2e0b3995de13957a2e62c46a5a3da34b&units=imperial"
1994164,ng,guhipto,13.121913000000001,82.83,82.83,26,6.78,12,guhipto,"http://api.openweathermap.org/data/2.5/weather?q=guhipto,ng&APPID=2e0b3995de13957a2e62c46a5a3da34b&units=imperial"
1999762,ng,kadiawo,11.485965,80.04,80.04,37,4.05,20,kadiawo,"http://api.openweathermap.org/data/2.5/weather?q=kadiawo,ng&APPID=2e0b3995de13957a2e62c46a5a3da34b&units=imperial"
2000351,ng,kankarawai,12.060407000000001,84.58,84.58,26,7.34,20,kankarawai,"http://api.openweathermap.org/data/2.5/weather?q=kankarawai,ng&APPID=2e0b3995de13957a2e62c46a5a3da34b&units=imperial"
2002650,ng,kurmin sarki,11.695822,79.81,79.81,30,6.73,20,kurmin sarki,"http://api.openweathermap.org/data/2.5/weather?q=kurmin sarki,ng&APPID=2e0b3995de13957a2e62c46a5a3da34b&units=imperial"
2009004,ng,ofriyo,4.673932,82.29,82.29,67,10.54,20,ofriyo,"http://api.openweathermap.org/data/2.5/weather?q=ofriyo,ng&APPID=2e0b3995de13957a2e62c46a5a3da34b&units=imperial"
2013082,ng,rigin idi,12.186411,79.81,79.81,30,6.73,20,rigin idi,"http://api.openweathermap.org/data/2.5/weather?q=rigin idi,ng&APPID=2e0b3995de13957a2e62c46a5a3da34b&units=imperial"
2014186,ng,sape,8.897222,81.61,81.61,63,2.75,0,sape,"http://api.openweathermap.org/data/2.5/weather?q=sape,ng&APPID=2e0b3995de13957a2e62c46a5a3da34b&units=imperial"
2018866,ng,unguwar naiya,12.042961,80.94,80.94,30,5.55,20,unguwar naiya,"http://api.openweathermap.org/data/2.5/weather?q=unguwar naiya,ng&APPID=2e0b3995de13957a2e62c46a5a3da34b&units=imperial"
2027600,nl,electra,53.313134,37.4,39.2,100,3.36,24,electra,"http://api.openweathermap.org/data/2.5/weather?q=electra,nl&APPID=2e0b3995de13957a2e62c46a5a3da34b&units=imperial"
2042436,no,osa,60.6,33.8,33.8,100,89.7,90,osa,"http://api.openweathermap.org/data/2.5/weather?q=osa,no&APPID=2e0b3995de13957a2e62c46a5a3da34b&units=imperial"
2048016,nz,allanton,-45.916667,56.82,56.82,99,10.54,36,allanton,"http://api.openweathermap.org/data/2.5/weather?q=allanton,nz&APPID=2e0b3995de13957a2e62c46a5a3da34b&units=imperial"
2048110,nz,balclutha,-46.233889000000005,51.55,51.55,88,3.09,36,balclutha,"http://api.openweathermap.org/data/2.5/weather?q=balclutha,nz&APPID=2e0b3995de13957a2e62c46a5a3da34b&units=imperial"
2048111,nz,balfour,-45.833333,41.61,41.61,85,2.53,48,balfour,"http://api.openweathermap.org/data/2.5/weather?q=balfour,nz&APPID=2e0b3995de13957a2e62c46a5a3da34b&units=imperial"
2048224,nz,caversham,-45.9,56.82,56.82,99,10.54,36,caversham,"http://api.openweathermap.org/data/2.5/weather?q=caversham,nz&APPID=2e0b3995de13957a2e62c46a5a3da34b&units=imperial"
2048261,nz,clyde,-45.183333000000005,43.5,43.5,99,1.97,32,clyde,"http://api.openweathermap.org/data/2.5/weather?q=clyde,nz&APPID=2e0b3995de13957a2e62c46a5a3da34b&units=imperial"
2048262,nz,clydevale,-46.1,51.55,51.55,88,3.09,36,clydevale,"http://api.openweathermap.org/data/2.5/weather?q=clydevale,nz&APPID=2e0b3995de13957a2e62c46a5a3da34b&units=imperial"
2048295,nz,dacre,-46.316666999999995,49.08,49.08,88,2.75,68,dacre,"http://api.openweathermap.org/data/2.5/weather?q=dacre,nz&APPID=2e0b3995de13957a2e62c46a5a3da34b&units=imperial"
2048335,nz,east end,-46.604167,64.2,64.2,100,12.26,100,east end,"http://api.openweathermap.org/data/2.5/weather?q=east end,nz&APPID=2e0b3995de13957a2e62c46a5a3da34b&units=imperial"
2048390,nz,frankton,-45.016667,39.85,39.85,96,1.7,32,frankton,"http://api.openweathermap.org/data/2.5/weather?q=frankton,nz&APPID=2e0b3995de13957a2e62c46a5a3da34b&units=imperial"
2048417,nz,glenham,-46.4,49.08,49.08,88,2.75,68,glenham,"http://api.openweathermap.org/data/2.5/weather?q=glenham,nz&APPID=2e0b3995de13957a2e62c46a5a3da34b&units=imperial"
2048463,nz,gummies bush,-46.283333,49.89,49.89,92,3.27,32,gummies bush,"http://api.openweathermap.org/data/2.5/weather?q=gummies bush,nz&APPID=2e0b3995de13957a2e62c46a5a3da34b&units=imperial"
2048473,nz,haldane,-46.633333,56.91,56.91,89,3.2,48,haldane,"http://api.openweathermap.org/data/2.5/weather?q=haldane,nz&APPID=2e0b3995de13957a2e62c46a5a3da34b&units=imperial"
2048475,nz,halfway bush,-45.85,51.46,51.46,91,3.2,48,halfway bush,"http://api.openweathermap.org/data/2.5/weather?q=halfway bush,nz&APPID=2e0b3995de13957a2e62c46a5a3da34b&units=imperial"
2048518,nz,hazletts,-46.266667,49.89,49.89,92,3.27,32,hazletts,"http://api.openweathermap.org/data/2.5/weather?q=hazletts,nz&APPID=2e0b3995de13957a2e62c46a5a3da34b&units=imperial"
2048523,nz,hedgehope,-46.2,49.08,49.08,88,2.75,68,hedgehope,"http://api.openweathermap.org/data/2.5/weather?q=hedgehope,nz&APPID=2e0b3995de13957a2e62c46a5a3da34b&units=imperial"
2048526,nz,henley,-45.983333,56.82,56.82,99,10.54,36,henley,"http://api.openweathermap.org/data/2.5/weather?q=henley,nz&APPID=2e0b3995de13957a2e62c46a5a3da34b&units=imperial"
2048527,nz,herbert,-45.233333,57.54,57.54,96,9.64,64,herbert,"http://api.openweathermap.org/data/2.5/weather?q=herbert,nz&APPID=2e0b3995de13957a2e62c46a5a3da34b&units=imperial"
2048628,nz,invercargill,-46.4,49.08,49.08,88,2.75,68,invercargill,"http://api.openweathermap.org/data/2.5/weather?q=invercargill,nz&APPID=2e0b3995de13957a2e62c46a5a3da34b&units=imperial"
2048662,nz,kaikoura,-42.416667,52.36,52.36,100,4.54,12,kaikoura,"http://api.openweathermap.org/data/2.5/weather?q=kaikoura,nz&APPID=2e0b3995de13957a2e62c46a5a3da34b&units=imperial"
2048678,nz,kaitangata,-46.275,51.55,51.55,88,3.09,36,kaitangata,"http://api.openweathermap.org/data/2.5/weather?q=kaitangata,nz&APPID=2e0b3995de13957a2e62c46a5a3da34b&units=imperial"
2048692,nz,kakanui,-45.183333000000005,57.54,57.54,96,9.64,64,kakanui,"http://api.openweathermap.org/data/2.5/weather?q=kakanui,nz&APPID=2e0b3995de13957a2e62c46a5a3da34b&units=imperial"
2048696,nz,kakapuaka,-46.266667,51.55,51.55,88,3.09,36,kakapuaka,"http://api.openweathermap.org/data/2.5/weather?q=kakapuaka,nz&APPID=2e0b3995de13957a2e62c46a5a3da34b&units=imperial"
2048710,nz,kapuka,-46.466667,49.08,49.08,88,2.75,68,kapuka,"http://api.openweathermap.org/data/2.5/weather?q=kapuka,nz&APPID=2e0b3995de13957a2e62c46a5a3da34b&units=imperial"
2048754,nz,kennington,-46.4,49.08,49.08,88,2.75,68,kennington,"http://api.openweathermap.org/data/2.5/weather?q=kennington,nz&APPID=2e0b3995de13957a2e62c46a5a3da34b&units=imperial"
2048800,nz,kokonga,-45.216667,52.5,52.5,97,3.31,92,kokonga,"http://api.openweathermap.org/data/2.5/weather?q=kokonga,nz&APPID=2e0b3995de13957a2e62c46a5a3da34b&units=imperial"
2048855,nz,lauder,-45.05,51.87,51.87,94,2.71,80,lauder,"http://api.openweathermap.org/data/2.5/weather?q=lauder,nz&APPID=2e0b3995de13957a2e62c46a5a3da34b&units=imperial"
2048883,nz,lochiel,-46.2,49.08,49.08,88,2.75,68,lochiel,"http://api.openweathermap.org/data/2.5/weather?q=lochiel,nz&APPID=2e0b3995de13957a2e62c46a5a3da34b&units=imperial"
2048920,nz,macandrew bay,-45.866667,51.46,51.46,91,3.2,48,macandrew bay,"http://api.openweathermap.org/data/2.5/weather?q=macandrew bay,nz&APPID=2e0b3995de13957a2e62c46a5a3da34b&units=imperial"
2048935,nz,maheno,-45.166667,57.54,57.54,96,9.64,64,maheno,"http://api.openweathermap.org/data/2.5/weather?q=maheno,nz&APPID=2e0b3995de13957a2e62c46a5a3da34b&units=imperial"
2048971,nz,manapouri,-45.566666999999995,41.52,41.52,100,2.04,36,manapouri,"http://api.openweathermap.org/data/2.5/weather?q=manapouri,nz&APPID=2e0b3995de13957a2e62c46a5a3da34b&units=imperial"
2049117,nz,merrivale,-46.05,49.89,49.89,92,3.27,32,merrivale,"http://api.openweathermap.org/data/2.5/weather?q=merrivale,nz&APPID=2e0b3995de13957a2e62c46a5a3da34b&units=imperial"
2049124,nz,milburn,-46.083333,51.55,51.55,88,3.09,36,milburn,"http://api.openweathermap.org/data/2.5/weather?q=milburn,nz&APPID=2e0b3995de13957a2e62c46a5a3da34b&units=imperial"
2049125,nz,millers flat,-45.666667,42.28,42.28,87,2.75,44,millers flat,"http://api.openweathermap.org/data/2.5/weather?q=millers flat,nz&APPID=2e0b3995de13957a2e62c46a5a3da34b&units=imperial"
2049127,nz,milton,-46.120833000000005,51.55,51.55,88,3.09,36,milton,"http://api.openweathermap.org/data/2.5/weather?q=milton,nz&APPID=2e0b3995de13957a2e62c46a5a3da34b&units=imperial"
2049162,nz,momona,-45.916667,56.82,56.82,99,10.54,36,momona,"http://api.openweathermap.org/data/2.5/weather?q=momona,nz&APPID=2e0b3995de13957a2e62c46a5a3da34b&units=imperial"
2049169,nz,morton mains,-46.333333,49.08,49.08,88,2.75,68,morton mains,"http://api.openweathermap.org/data/2.5/weather?q=morton mains,nz&APPID=2e0b3995de13957a2e62c46a5a3da34b&units=imperial"
2049262,nz,niagara,-46.6,56.91,56.91,89,3.2,48,niagara,"http://api.openweathermap.org/data/2.5/weather?q=niagara,nz&APPID=2e0b3995de13957a2e62c46a5a3da34b&units=imperial"
2049293,nz,ocean grove,-45.9,56.82,56.82,99,10.54,36,ocean grove,"http://api.openweathermap.org/data/2.5/weather?q=ocean grove,nz&APPID=2e0b3995de13957a2e62c46a5a3da34b&units=imperial"
2049301,nz,ohaupo,-37.916667,62.35,62.35,91,8.3,80,ohaupo,"http://api.openweathermap.org/data/2.5/weather?q=ohaupo,nz&APPID=2e0b3995de13957a2e62c46a5a3da34b&units=imperial"
2049402,nz,orawia,-46.05,49.89,49.89,92,3.27,32,orawia,"http://api.openweathermap.org/data/2.5/weather?q=orawia,nz&APPID=2e0b3995de13957a2e62c46a5a3da34b&units=imperial"
2049406,nz,oreti plains,-46.133333,49.89,49.89,92,3.27,32,oreti plains,"http://api.openweathermap.org/data/2.5/weather?q=oreti plains,nz&APPID=2e0b3995de13957a2e62c46a5a3da34b&units=imperial"
2049459,nz,outram,-45.866667,51.46,51.46,91,3.2,48,outram,"http://api.openweathermap.org/data/2.5/weather?q=outram,nz&APPID=2e0b3995de13957a2e62c46a5a3da34b&units=imperial"
2049554,nz,patearoa,-45.266667,51.87,51.87,94,2.71,80,patearoa,"http://api.openweathermap.org/data/2.5/weather?q=patearoa,nz&APPID=2e0b3995de13957a2e62c46a5a3da34b&units=imperial"
2049585,nz,piko piko,-46.116667,49.89,49.89,92,3.27,32,piko piko,"http://api.openweathermap.org/data/2.5/weather?q=piko piko,nz&APPID=2e0b3995de13957a2e62c46a5a3da34b&units=imperial"
2049587,nz,pine bush,-46.466667,49.08,49.08,88,2.75,68,pine bush,"http://api.openweathermap.org/data/2.5/weather?q=pine bush,nz&APPID=2e0b3995de13957a2e62c46a5a3da34b&units=imperial"
2049642,nz,portobello,-45.85,51.46,51.46,91,3.2,48,portobello,"http://api.openweathermap.org/data/2.5/weather?q=portobello,nz&APPID=2e0b3995de13957a2e62c46a5a3da34b&units=imperial"
2049720,nz,quarry hills,-46.55,56.91,56.91,89,3.2,48,quarry hills,"http://api.openweathermap.org/data/2.5/weather?q=quarry hills,nz&APPID=2e0b3995de13957a2e62c46a5a3da34b&units=imperial"
2049723,nz,queenstown,-45.01,39.85,39.85,96,1.7,32,queenstown,"http://api.openweathermap.org/data/2.5/weather?q=queenstown,nz&APPID=2e0b3995de13957a2e62c46a5a3da34b&units=imperial"
2049724,nz,raes junction,-45.783333,42.28,42.28,87,2.75,44,raes junction,"http://api.openweathermap.org/data/2.5/weather?q=raes junction,nz&APPID=2e0b3995de13957a2e62c46a5a3da34b&units=imperial"
2049825,nz,roslyn bush,-46.35,49.08,49.08,88,2.75,68,roslyn bush,"http://api.openweathermap.org/data/2.5/weather?q=roslyn bush,nz&APPID=2e0b3995de13957a2e62c46a5a3da34b&units=imperial"
2049879,nz,sawyers bay,-45.833333,51.46,51.46,91,3.2,48,sawyers bay,"http://api.openweathermap.org/data/2.5/weather?q=sawyers bay,nz&APPID=2e0b3995de13957a2e62c46a5a3da34b&units=imperial"
2049923,nz,springhills,-46.183333000000005,49.08,49.08,88,2.75,68,springhills,"http://api.openweathermap.org/data/2.5/weather?q=springhills,nz&APPID=2e0b3995de13957a2e62c46a5a3da34b&units=imperial"
2049933,nz,stirling,-46.25,51.55,51.55,88,3.09,36,stirling,"http://api.openweathermap.org/data/2.5/weather?q=stirling,nz&APPID=2e0b3995de13957a2e62c46a5a3da34b&units=imperial"
2049948,nz,sutton,-45.566666999999995,51.46,51.46,91,3.2,48,sutton,"http://api.openweathermap.org/data/2.5/weather?q=sutton,nz&APPID=2e0b3995de13957a2e62c46a5a3da34b&units=imperial"
2050152,nz,the key,-45.55,42.6,42.6,87,2.3,48,the key,"http://api.openweathermap.org/data/2.5/weather?q=the key,nz&APPID=2e0b3995de13957a2e62c46a5a3da34b&units=imperial"
2050174,nz,tirohanga,-46.433333000000005,57.2,57.2,82,2.24,36,tirohanga,"http://api.openweathermap.org/data/2.5/weather?q=tirohanga,nz&APPID=2e0b3995de13957a2e62c46a5a3da34b&units=imperial"
2050183,nz,titiroa,-46.483333,49.08,49.08,88,2.75,68,titiroa,"http://api.openweathermap.org/data/2.5/weather?q=titiroa,nz&APPID=2e0b3995de13957a2e62c46a5a3da34b&units=imperial"
2050196,nz,tokoiti,-46.133333,51.55,51.55,88,3.09,36,tokoiti,"http://api.openweathermap.org/data/2.5/weather?q=tokoiti,nz&APPID=2e0b3995de13957a2e62c46a5a3da34b&units=imperial"
2050251,nz,tussock creek,-46.25,49.08,49.08,88,2.75,68,tussock creek,"http://api.openweathermap.org/data/2.5/weather?q=tussock creek,nz&APPID=2e0b3995de13957a2e62c46a5a3da34b&units=imperial"
2050298,nz,waiareka junction,-45.1,57.54,57.54,96,9.64,64,waiareka junction,"http://api.openweathermap.org/data/2.5/weather?q=waiareka junction,nz&APPID=2e0b3995de13957a2e62c46a5a3da34b&units=imperial"
2050317,nz,waihola,-46.033333,51.55,51.55,88,3.09,36,waihola,"http://api.openweathermap.org/data/2.5/weather?q=waihola,nz&APPID=2e0b3995de13957a2e62c46a5a3da34b&units=imperial"
2050322,nz,waikaia,-45.733333,41.61,41.61,85,2.53,48,waikaia,"http://api.openweathermap.org/data/2.5/weather?q=waikaia,nz&APPID=2e0b3995de13957a2e62c46a5a3da34b&units=imperial"
2050355,nz,waimatuku,-46.3,49.89,49.89,92,3.27,32,waimatuku,"http://api.openweathermap.org/data/2.5/weather?q=waimatuku,nz&APPID=2e0b3995de13957a2e62c46a5a3da34b&units=imperial"
2050364,nz,waimumu,-46.116667,49.08,49.08,88,2.75,68,waimumu,"http://api.openweathermap.org/data/2.5/weather?q=waimumu,nz&APPID=2e0b3995de13957a2e62c46a5a3da34b&units=imperial"
2050421,nz,waitahuna,-45.983333,51.55,51.55,88,3.09,36,waitahuna,"http://api.openweathermap.org/data/2.5/weather?q=waitahuna,nz&APPID=2e0b3995de13957a2e62c46a5a3da34b&units=imperial"
2050490,nz,warrington,-45.716667,51.46,51.46,91,3.2,48,warrington,"http://api.openweathermap.org/data/2.5/weather?q=warrington,nz&APPID=2e0b3995de13957a2e62c46a5a3da34b&units=imperial"
2050521,nz,west plains,-46.366667,49.08,49.08,88,2.75,68,west plains,"http://api.openweathermap.org/data/2.5/weather?q=west plains,nz&APPID=2e0b3995de13957a2e62c46a5a3da34b&units=imperial"
2050613,nz,winton,-46.15,49.08,49.08,88,2.75,68,winton,"http://api.openweathermap.org/data/2.5/weather?q=winton,nz&APPID=2e0b3995de13957a2e62c46a5a3da34b&units=imperial"
2050621,nz,woodlands,-46.366667,49.08,49.08,88,2.75,68,woodlands,"http://api.openweathermap.org/data/2.5/weather?q=woodlands,nz&APPID=2e0b3995de13957a2e62c46a5a3da34b&units=imperial"
2053497,pa,alcaldediaz,9.116666699999998,87.8,89.6,62,6.93,40,alcaldediaz,"http://api.openweathermap.org/data/2.5/weather?q=alcaldediaz,pa&APPID=2e0b3995de13957a2e62c46a5a3da34b&units=imperial"
2060485,pe,acohuito,-15.269444400000001,66.2,66.2,45,12.75,20,acohuito,"http://api.openweathermap.org/data/2.5/weather?q=acohuito,pe&APPID=2e0b3995de13957a2e62c46a5a3da34b&units=imperial"
2061186,pe,andamayo,-8.666666699999999,47.91,47.91,91,2.19,48,andamayo,"http://api.openweathermap.org/data/2.5/weather?q=andamayo,pe&APPID=2e0b3995de13957a2e62c46a5a3da34b&units=imperial"
2063224,pe,capillyocc,-14.833333300000001,52.41,52.41,81,2.98,92,capillyocc,"http://api.openweathermap.org/data/2.5/weather?q=capillyocc,pe&APPID=2e0b3995de13957a2e62c46a5a3da34b&units=imperial"
2067047,pe,corralpata,-13.316666699999999,55.4,55.4,58,2.37,40,corralpata,"http://api.openweathermap.org/data/2.5/weather?q=corralpata,pe&APPID=2e0b3995de13957a2e62c46a5a3da34b&units=imperial"
2069095,pe,hacienda cantas,-16.2311111,78.51,78.51,39,4.61,0,hacienda cantas,"http://api.openweathermap.org/data/2.5/weather?q=hacienda cantas,pe&APPID=2e0b3995de13957a2e62c46a5a3da34b&units=imperial"
2070792,pe,huancarani,-13.516666699999998,64.4,64.4,45,2.24,40,huancarani,"http://api.openweathermap.org/data/2.5/weather?q=huancarani,pe&APPID=2e0b3995de13957a2e62c46a5a3da34b&units=imperial"
2072940,pe,la aurora,-17.6769444,75.2,75.2,69,8.05,0,la aurora,"http://api.openweathermap.org/data/2.5/weather?q=la aurora,pe&APPID=2e0b3995de13957a2e62c46a5a3da34b&units=imperial"
2075204,pe,mamas,-16.1488889,78.51,78.51,39,4.61,0,mamas,"http://api.openweathermap.org/data/2.5/weather?q=mamas,pe&APPID=2e0b3995de13957a2e62c46a5a3da34b&units=imperial"
2075658,pe,mazamari,-11.35,70.45,70.45,92,1.7,80,mazamari,"http://api.openweathermap.org/data/2.5/weather?q=mazamari,pe&APPID=2e0b3995de13957a2e62c46a5a3da34b&units=imperial"
2086115,pe,viscacha pata,-13.5,60.78,60.78,62,2.3,12,viscacha pata,"http://api.openweathermap.org/data/2.5/weather?q=viscacha pata,pe&APPID=2e0b3995de13957a2e62c46a5a3da34b&units=imperial"
2104935,ph,balacag,16.1436,74.91,74.91,65,6.89,0,balacag,"http://api.openweathermap.org/data/2.5/weather?q=balacag,ph&APPID=2e0b3995de13957a2e62c46a5a3da34b&units=imperial"
2126668,ph,lomboy,12.4042,78.8,78.8,74,11.41,75,lomboy,"http://api.openweathermap.org/data/2.5/weather?q=lomboy,ph&APPID=2e0b3995de13957a2e62c46a5a3da34b&units=imperial"
2138846,ph,puting kahoy,13.953548000000001,77,77,94,2.24,75,puting kahoy,"http://api.openweathermap.org/data/2.5/weather?q=puting kahoy,ph&APPID=2e0b3995de13957a2e62c46a5a3da34b&units=imperial"
2140915,ph,san isidro,14.553056,79.81,79.81,100,23.73,88,san isidro,"http://api.openweathermap.org/data/2.5/weather?q=san isidro,ph&APPID=2e0b3995de13957a2e62c46a5a3da34b&units=imperial"
2141523,ph,san pedro,11.169444,77,77,94,2.24,75,san pedro,"http://api.openweathermap.org/data/2.5/weather?q=san pedro,ph&APPID=2e0b3995de13957a2e62c46a5a3da34b&units=imperial"
2147774,ph,tuba,11.231667,74.91,74.91,65,6.89,0,tuba,"http://api.openweathermap.org/data/2.5/weather?q=tuba,ph&APPID=2e0b3995de13957a2e62c46a5a3da34b&units=imperial"
2223398,pk,phera,32.692007000000004,57.2,57.2,58,6.93,0,phera,"http://api.openweathermap.org/data/2.5/weather?q=phera,pk&APPID=2e0b3995de13957a2e62c46a5a3da34b&units=imperial"
2245336,pl,bialobrzegi,51.201523,37.4,37.4,86,8.05,75,bialobrzegi,"http://api.openweathermap.org/data/2.5/weather?q=bialobrzegi,pl&APPID=2e0b3995de13957a2e62c46a5a3da34b&units=imperial"
2252805,pl,franciszkowo,52.921944999999994,35.22,35.22,93,15.12,24,franciszkowo,"http://api.openweathermap.org/data/2.5/weather?q=franciszkowo,pl&APPID=2e0b3995de13957a2e62c46a5a3da34b&units=imperial"
2255372,pl,grondy,52.935388,34.45,34.45,93,14.34,88,grondy,"http://api.openweathermap.org/data/2.5/weather?q=grondy,pl&APPID=2e0b3995de13957a2e62c46a5a3da34b&units=imperial"
2263487,pl,krasna,49.775994,35.6,35.6,93,14.99,75,krasna,"http://api.openweathermap.org/data/2.5/weather?q=krasna,pl&APPID=2e0b3995de13957a2e62c46a5a3da34b&units=imperial"
2264102,pl,krzecin,53.08081800000001,37.4,37.4,93,9.17,75,krzecin,"http://api.openweathermap.org/data/2.5/weather?q=krzecin,pl&APPID=2e0b3995de13957a2e62c46a5a3da34b&units=imperial"
2264714,pl,kurcze,53.740869999999994,33.24,33.24,89,13.6,24,kurcze,"http://api.openweathermap.org/data/2.5/weather?q=kurcze,pl&APPID=2e0b3995de13957a2e62c46a5a3da34b&units=imperial"
2264765,pl,kurpiewskie,53.170182999999994,36.12,36.12,90,14.94,0,kurpiewskie,"http://api.openweathermap.org/data/2.5/weather?q=kurpiewskie,pl&APPID=2e0b3995de13957a2e62c46a5a3da34b&units=imperial"
2270827,pl,nawodna,53.010991000000004,39,39,95,13.38,92,nawodna,"http://api.openweathermap.org/data/2.5/weather?q=nawodna,pl&APPID=2e0b3995de13957a2e62c46a5a3da34b&units=imperial"
2273253,pl,osiny,50.689329,34.86,34.86,95,14.12,88,osiny,"http://api.openweathermap.org/data/2.5/weather?q=osiny,pl&APPID=2e0b3995de13957a2e62c46a5a3da34b&units=imperial"
2274990,pl,placencja,52.070468,37.4,37.4,93,10.29,75,placencja,"http://api.openweathermap.org/data/2.5/weather?q=placencja,pl&APPID=2e0b3995de13957a2e62c46a5a3da34b&units=imperial"
2281239,pl,silice,53.75496,34,34,89,12.88,12,silice,"http://api.openweathermap.org/data/2.5/weather?q=silice,pl&APPID=2e0b3995de13957a2e62c46a5a3da34b&units=imperial"
2288546,pl,wieniawka,50.883333,34.81,34.81,94,13.89,88,wieniawka,"http://api.openweathermap.org/data/2.5/weather?q=wieniawka,pl&APPID=2e0b3995de13957a2e62c46a5a3da34b&units=imperial"
2292347,pl,zbytki,52.2,39.2,39.2,80,12.75,20,zbytki,"http://api.openweathermap.org/data/2.5/weather?q=zbytki,pl&APPID=2e0b3995de13957a2e62c46a5a3da34b&units=imperial"
2304171,pt,oliveira de azemeis,40.84101,53.6,55.4,81,5.82,0,oliveira de azemeis,"http://api.openweathermap.org/data/2.5/weather?q=oliveira de azemeis,pt&APPID=2e0b3995de13957a2e62c46a5a3da34b&units=imperial"
2304887,pt,penedo do monte,41.604745,53.6,57.2,81,5.82,0,penedo do monte,"http://api.openweathermap.org/data/2.5/weather?q=penedo do monte,pt&APPID=2e0b3995de13957a2e62c46a5a3da34b&units=imperial"
2305466,pt,portelada,40.729698,53.6,55.4,81,5.82,0,portelada,"http://api.openweathermap.org/data/2.5/weather?q=portelada,pt&APPID=2e0b3995de13957a2e62c46a5a3da34b&units=imperial"
2306159,pt,quintos,37.964909999999996,60.8,60.8,51,6.93,0,quintos,"http://api.openweathermap.org/data/2.5/weather?q=quintos,pt&APPID=2e0b3995de13957a2e62c46a5a3da34b&units=imperial"
2314893,ro,avramesti,45.316666999999995,30.2,30.2,80,5.82,90,avramesti,"http://api.openweathermap.org/data/2.5/weather?q=avramesti,ro&APPID=2e0b3995de13957a2e62c46a5a3da34b&units=imperial"
2330709,ro,mureni,46.233333,30.2,30.2,80,5.82,90,mureni,"http://api.openweathermap.org/data/2.5/weather?q=mureni,ro&APPID=2e0b3995de13957a2e62c46a5a3da34b&units=imperial"
2350600,rs,majdan,44.1,28.4,32,93,3.6,90,majdan,"http://api.openweathermap.org/data/2.5/weather?q=majdan,rs&APPID=2e0b3995de13957a2e62c46a5a3da34b&units=imperial"
2360484,ru,alekseyevskiy,53.58868199999999,22.48,22.48,85,7.78,24,alekseyevskiy,"http://api.openweathermap.org/data/2.5/weather?q=alekseyevskiy,ru&APPID=2e0b3995de13957a2e62c46a5a3da34b&units=imperial"
2365689,ru,babaninka,51.1753,28.15,28.15,89,9.53,88,babaninka,"http://api.openweathermap.org/data/2.5/weather?q=babaninka,ru&APPID=2e0b3995de13957a2e62c46a5a3da34b&units=imperial"
2367987,ru,barynino,56.393549,19.4,23,85,6.71,20,barynino,"http://api.openweathermap.org/data/2.5/weather?q=barynino,ru&APPID=2e0b3995de13957a2e62c46a5a3da34b&units=imperial"
2393900,ru,duki,51.6,-23.65,-23.65,3,2.53,0,duki,"http://api.openweathermap.org/data/2.5/weather?q=duki,ru&APPID=2e0b3995de13957a2e62c46a5a3da34b&units=imperial"
2396522,ru,fedoskino,56.05,19.4,23,92,8.95,75,fedoskino,"http://api.openweathermap.org/data/2.5/weather?q=fedoskino,ru&APPID=2e0b3995de13957a2e62c46a5a3da34b&units=imperial"
2400086,ru,glukhovo,58.433333,19.4,23,85,6.71,20,glukhovo,"http://api.openweathermap.org/data/2.5/weather?q=glukhovo,ru&APPID=2e0b3995de13957a2e62c46a5a3da34b&units=imperial"
2401387,ru,gora,57.36022,28.4,28.4,92,4.47,90,gora,"http://api.openweathermap.org/data/2.5/weather?q=gora,ru&APPID=2e0b3995de13957a2e62c46a5a3da34b&units=imperial"
2413465,ru,karakashev,47.065833000000005,27.84,27.84,92,7.74,36,karakashev,"http://api.openweathermap.org/data/2.5/weather?q=karakashev,ru&APPID=2e0b3995de13957a2e62c46a5a3da34b&units=imperial"
2435077,ru,krivaya luka,57.598889,18.7,18.7,93,6.29,68,krivaya luka,"http://api.openweathermap.org/data/2.5/weather?q=krivaya luka,ru&APPID=2e0b3995de13957a2e62c46a5a3da34b&units=imperial"
2450118,ru,malaya alekseyevka,50.7061,26.6,26.6,92,6.71,90,malaya alekseyevka,"http://api.openweathermap.org/data/2.5/weather?q=malaya alekseyevka,ru&APPID=2e0b3995de13957a2e62c46a5a3da34b&units=imperial"
2454626,ru,mariinskaya,60.539855,30.27,30.27,91,8.41,76,mariinskaya,"http://api.openweathermap.org/data/2.5/weather?q=mariinskaya,ru&APPID=2e0b3995de13957a2e62c46a5a3da34b&units=imperial"
2464251,ru,nabat,53.5387,23.79,23.79,93,8.86,88,nabat,"http://api.openweathermap.org/data/2.5/weather?q=nabat,ru&APPID=2e0b3995de13957a2e62c46a5a3da34b&units=imperial"
2467804,ru,nikolskiy,51.3522,25.05,25.05,92,4.99,80,nikolskiy,"http://api.openweathermap.org/data/2.5/weather?q=nikolskiy,ru&APPID=2e0b3995de13957a2e62c46a5a3da34b&units=imperial"
2472432,ru,novoaleksandrovsk,46.618435999999996,15.33,15.33,61,7.11,0,novoaleksandrovsk,"http://api.openweathermap.org/data/2.5/weather?q=novoaleksandrovsk,ru&APPID=2e0b3995de13957a2e62c46a5a3da34b&units=imperial"
2474860,ru,novoselskoye,43.428237,29.86,29.86,92,2.75,76,novoselskoye,"http://api.openweathermap.org/data/2.5/weather?q=novoselskoye,ru&APPID=2e0b3995de13957a2e62c46a5a3da34b&units=imperial"
2480769,ru,orgtrud,56.1832,16.81,16.81,94,7.23,64,orgtrud,"http://api.openweathermap.org/data/2.5/weather?q=orgtrud,ru&APPID=2e0b3995de13957a2e62c46a5a3da34b&units=imperial"
2481237,ru,osenniy,45.016667,32,32,89,8.95,40,osenniy,"http://api.openweathermap.org/data/2.5/weather?q=osenniy,ru&APPID=2e0b3995de13957a2e62c46a5a3da34b&units=imperial"
2481249,ru,osetinskiy,43.751533,31.3,31.3,93,1.48,44,osetinskiy,"http://api.openweathermap.org/data/2.5/weather?q=osetinskiy,ru&APPID=2e0b3995de13957a2e62c46a5a3da34b&units=imperial"
2481769,ru,osoka,53.488418,17.98,17.98,89,6.06,68,osoka,"http://api.openweathermap.org/data/2.5/weather?q=osoka,ru&APPID=2e0b3995de13957a2e62c46a5a3da34b&units=imperial"
2482193,ru,ostrovskoy,48.526629,26.71,26.71,92,8.01,68,ostrovskoy,"http://api.openweathermap.org/data/2.5/weather?q=ostrovskoy,ru&APPID=2e0b3995de13957a2e62c46a5a3da34b&units=imperial"
2487786,ru,peshkovo,54.91465899999999,32,32,89,8.95,40,peshkovo,"http://api.openweathermap.org/data/2.5/weather?q=peshkovo,ru&APPID=2e0b3995de13957a2e62c46a5a3da34b&units=imperial"
2491541,ru,podolino,55.932778000000006,19.4,23,92,8.95,75,podolino,"http://api.openweathermap.org/data/2.5/weather?q=podolino,ru&APPID=2e0b3995de13957a2e62c46a5a3da34b&units=imperial"
2505488,ru,ryazanovka,51.053056,17.4,17.4,85,7.29,64,ryazanovka,"http://api.openweathermap.org/data/2.5/weather?q=ryazanovka,ru&APPID=2e0b3995de13957a2e62c46a5a3da34b&units=imperial"
2528064,ru,stepnoye,49.903946000000005,23,23,85,13.42,75,stepnoye,"http://api.openweathermap.org/data/2.5/weather?q=stepnoye,ru&APPID=2e0b3995de13957a2e62c46a5a3da34b&units=imperial"
2547574,ru,vaganovo,60.086532999999996,33.8,33.8,86,11.18,90,vaganovo,"http://api.openweathermap.org/data/2.5/weather?q=vaganovo,ru&APPID=2e0b3995de13957a2e62c46a5a3da34b&units=imperial"
2572597,ru,znamenskoye,56.088848999999996,11.73,11.73,80,7.63,64,znamenskoye,"http://api.openweathermap.org/data/2.5/weather?q=znamenskoye,ru&APPID=2e0b3995de13957a2e62c46a5a3da34b&units=imperial"
2604212,se,horla,57.966667,37.4,41,86,10.29,0,horla,"http://api.openweathermap.org/data/2.5/weather?q=horla,se&APPID=2e0b3995de13957a2e62c46a5a3da34b&units=imperial"
2604860,se,ishult,57.466667,33.28,33.28,80,7.29,12,ishult,"http://api.openweathermap.org/data/2.5/weather?q=ishult,se&APPID=2e0b3995de13957a2e62c46a5a3da34b&units=imperial"
2606769,se,kramfors,62.933333,15.8,24.8,92,6.73,0,kramfors,"http://api.openweathermap.org/data/2.5/weather?q=kramfors,se&APPID=2e0b3995de13957a2e62c46a5a3da34b&units=imperial"
2607156,se,kvarntorp,56.833332999999996,32,37.4,84,9.17,0,kvarntorp,"http://api.openweathermap.org/data/2.5/weather?q=kvarntorp,se&APPID=2e0b3995de13957a2e62c46a5a3da34b&units=imperial"
2608073,se,lilla krokek,58.13333299999999,32,37.4,69,4.7,8,lilla krokek,"http://api.openweathermap.org/data/2.5/weather?q=lilla krokek,se&APPID=2e0b3995de13957a2e62c46a5a3da34b&units=imperial"
2609324,se,marsta,59.933333,28.4,32,86,8.05,0,marsta,"http://api.openweathermap.org/data/2.5/weather?q=marsta,se&APPID=2e0b3995de13957a2e62c46a5a3da34b&units=imperial"
2614980,se,segelsbo,57.0,36.16,36.16,88,7.34,12,segelsbo,"http://api.openweathermap.org/data/2.5/weather?q=segelsbo,se&APPID=2e0b3995de13957a2e62c46a5a3da34b&units=imperial"
2626549,si,spodnje mestinje,46.203888899999995,37.4,39.2,85,1.12,0,spodnje mestinje,"http://api.openweathermap.org/data/2.5/weather?q=spodnje mestinje,si&APPID=2e0b3995de13957a2e62c46a5a3da34b&units=imperial"
2626780,si,sveti anton,45.525833299999995,39.2,50,80,3.36,0,sveti anton,"http://api.openweathermap.org/data/2.5/weather?q=sveti anton,si&APPID=2e0b3995de13957a2e62c46a5a3da34b&units=imperial"
2635965,sl,jamboma,8.1833333,86.16,86.16,43,2.59,44,jamboma,"http://api.openweathermap.org/data/2.5/weather?q=jamboma,sl&APPID=2e0b3995de13957a2e62c46a5a3da34b&units=imperial"
2637416,sl,makambisa,8.695277800000001,87.33,87.33,31,2.04,44,makambisa,"http://api.openweathermap.org/data/2.5/weather?q=makambisa,sl&APPID=2e0b3995de13957a2e62c46a5a3da34b&units=imperial"
2657150,so,muryoole,-0.0333333,79.36,79.36,70,11.43,0,muryoole,"http://api.openweathermap.org/data/2.5/weather?q=muryoole,so&APPID=2e0b3995de13957a2e62c46a5a3da34b&units=imperial"
2676961,sy,naqqarin,36.216666700000005,49.21,49.21,74,4.05,92,naqqarin,"http://api.openweathermap.org/data/2.5/weather?q=naqqarin,sy&APPID=2e0b3995de13957a2e62c46a5a3da34b&units=imperial"
2682655,sy,zunqul,36.6166667,51.8,51.8,66,4.7,75,zunqul,"http://api.openweathermap.org/data/2.5/weather?q=zunqul,sy&APPID=2e0b3995de13957a2e62c46a5a3da34b&units=imperial"
2706710,th,ban don thon,17.545722,61.9,61.9,90,3.76,0,ban don thon,"http://api.openweathermap.org/data/2.5/weather?q=ban don thon,th&APPID=2e0b3995de13957a2e62c46a5a3da34b&units=imperial"
2729928,th,ban nong song ton,14.983332999999998,66.36,66.36,72,6.33,64,ban nong song ton,"http://api.openweathermap.org/data/2.5/weather?q=ban nong song ton,th&APPID=2e0b3995de13957a2e62c46a5a3da34b&units=imperial"
2733706,th,ban phai khwang,14.45,68.43,68.43,63,5.84,0,ban phai khwang,"http://api.openweathermap.org/data/2.5/weather?q=ban phai khwang,th&APPID=2e0b3995de13957a2e62c46a5a3da34b&units=imperial"
2733807,th,ban phai si thong,17.258028,68.65,68.65,71,9.53,0,ban phai si thong,"http://api.openweathermap.org/data/2.5/weather?q=ban phai si thong,th&APPID=2e0b3995de13957a2e62c46a5a3da34b&units=imperial"
2737327,th,ban rim khan,18.618278,59,59,77,2.71,20,ban rim khan,"http://api.openweathermap.org/data/2.5/weather?q=ban rim khan,th&APPID=2e0b3995de13957a2e62c46a5a3da34b&units=imperial"
2739641,th,ban santi,17.222722,60.91,60.91,75,4.05,8,ban santi,"http://api.openweathermap.org/data/2.5/weather?q=ban santi,th&APPID=2e0b3995de13957a2e62c46a5a3da34b&units=imperial"
2740621,th,ban si wilai,18.181306,62.6,62.6,88,2.24,0,ban si wilai,"http://api.openweathermap.org/data/2.5/weather?q=ban si wilai,th&APPID=2e0b3995de13957a2e62c46a5a3da34b&units=imperial"
2771945,tr,avdal,38.722352,46.4,50,93,2.24,75,avdal,"http://api.openweathermap.org/data/2.5/weather?q=avdal,tr&APPID=2e0b3995de13957a2e62c46a5a3da34b&units=imperial"
2780331,tr,cat,39.609543,35.6,35.6,79,10.29,75,cat,"http://api.openweathermap.org/data/2.5/weather?q=cat,tr&APPID=2e0b3995de13957a2e62c46a5a3da34b&units=imperial"
2821194,tr,saatli,39.452827,51.8,51.8,66,4.7,75,saatli,"http://api.openweathermap.org/data/2.5/weather?q=saatli,tr&APPID=2e0b3995de13957a2e62c46a5a3da34b&units=imperial"
2853132,tz,kigongo,-5.3166667,78.8,78.8,65,11.41,20,kigongo,"http://api.openweathermap.org/data/2.5/weather?q=kigongo,tz&APPID=2e0b3995de13957a2e62c46a5a3da34b&units=imperial"
2858834,tz,zanzibar,-6.1666667,82.4,82.4,83,6.93,20,zanzibar,"http://api.openweathermap.org/data/2.5/weather?q=zanzibar,tz&APPID=2e0b3995de13957a2e62c46a5a3da34b&units=imperial"
2862898,ua,bukvarka,48.74499,31.93,31.93,90,9.8,76,bukvarka,"http://api.openweathermap.org/data/2.5/weather?q=bukvarka,ua&APPID=2e0b3995de13957a2e62c46a5a3da34b&units=imperial"
2863106,ua,buzhanka,49.240875,34.14,34.14,94,15.39,92,buzhanka,"http://api.openweathermap.org/data/2.5/weather?q=buzhanka,ua&APPID=2e0b3995de13957a2e62c46a5a3da34b&units=imperial"
2881882,ua,novomykolayivka,46.228091,31.93,31.93,90,9.8,76,novomykolayivka,"http://api.openweathermap.org/data/2.5/weather?q=novomykolayivka,ua&APPID=2e0b3995de13957a2e62c46a5a3da34b&units=imperial"
2887138,ua,pshenichnoye,49.078963,27.66,27.66,85,4.32,36,pshenichnoye,"http://api.openweathermap.org/data/2.5/weather?q=pshenichnoye,ua&APPID=2e0b3995de13957a2e62c46a5a3da34b&units=imperial"
2891845,ua,sosnovka,50.052659000000006,29.23,29.23,91,6.51,64,sosnovka,"http://api.openweathermap.org/data/2.5/weather?q=sosnovka,ua&APPID=2e0b3995de13957a2e62c46a5a3da34b&units=imperial"
2891931,ua,spas,49.395491,32,32,93,8.95,75,spas,"http://api.openweathermap.org/data/2.5/weather?q=spas,ua&APPID=2e0b3995de13957a2e62c46a5a3da34b&units=imperial"
2899576,ua,yezupil,49.042805,33.8,33.8,93,11.18,75,yezupil,"http://api.openweathermap.org/data/2.5/weather?q=yezupil,ua&APPID=2e0b3995de13957a2e62c46a5a3da34b&units=imperial"
2906711,ug,nyakatuntu,-0.7,62.04,62.04,87,2.71,0,nyakatuntu,"http://api.openweathermap.org/data/2.5/weather?q=nyakatuntu,ug&APPID=2e0b3995de13957a2e62c46a5a3da34b&units=imperial"
2906953,ug,olemai,1.85,78.73,78.73,40,13.56,0,olemai,"http://api.openweathermap.org/data/2.5/weather?q=olemai,ug&APPID=2e0b3995de13957a2e62c46a5a3da34b&units=imperial"
2908092,us,bluffport,32.593888899999996,12.2,15.8,78,17.22,75,bluffport,"http://api.openweathermap.org/data/2.5/weather?q=bluffport,us&APPID=2e0b3995de13957a2e62c46a5a3da34b&units=imperial"
2909449,us,high rock,33.959444399999995,33.8,39.2,93,2.37,90,high rock,"http://api.openweathermap.org/data/2.5/weather?q=high rock,us&APPID=2e0b3995de13957a2e62c46a5a3da34b&units=imperial"
2922679,us,talmont,39.145,12.2,37.4,57,4.7,20,talmont,"http://api.openweathermap.org/data/2.5/weather?q=talmont,us&APPID=2e0b3995de13957a2e62c46a5a3da34b&units=imperial"
2924550,us,sloan,40.0516667,15.8,21.2,73,3.36,1,sloan,"http://api.openweathermap.org/data/2.5/weather?q=sloan,us&APPID=2e0b3995de13957a2e62c46a5a3da34b&units=imperial"
2930959,us,belfast,31.824166700000003,10.4,17.6,57,5.82,90,belfast,"http://api.openweathermap.org/data/2.5/weather?q=belfast,us&APPID=2e0b3995de13957a2e62c46a5a3da34b&units=imperial"
2931628,us,clopine,32.4838889,55.4,64.4,82,4.7,90,clopine,"http://api.openweathermap.org/data/2.5/weather?q=clopine,us&APPID=2e0b3995de13957a2e62c46a5a3da34b&units=imperial"
2933537,us,macedonia,34.2536111,37.4,51.8,100,9.17,90,macedonia,"http://api.openweathermap.org/data/2.5/weather?q=macedonia,us&APPID=2e0b3995de13957a2e62c46a5a3da34b&units=imperial"
2936006,us,worth,31.750555600000006,37.4,41,75,10.29,75,worth,"http://api.openweathermap.org/data/2.5/weather?q=worth,us&APPID=2e0b3995de13957a2e62c46a5a3da34b&units=imperial"
2937043,us,felt,43.8730556,17.6,19.4,85,6.93,90,felt,"http://api.openweathermap.org/data/2.5/weather?q=felt,us&APPID=2e0b3995de13957a2e62c46a5a3da34b&units=imperial"
2938056,us,batestown,40.12,39.2,44.6,100,8.05,90,batestown,"http://api.openweathermap.org/data/2.5/weather?q=batestown,us&APPID=2e0b3995de13957a2e62c46a5a3da34b&units=imperial"
2942726,us,herbst,40.5147222,37.4,53.6,100,5.82,90,herbst,"http://api.openweathermap.org/data/2.5/weather?q=herbst,us&APPID=2e0b3995de13957a2e62c46a5a3da34b&units=imperial"
2946340,us,roscoe,41.023611100000004,30.2,33.8,100,13.87,90,roscoe,"http://api.openweathermap.org/data/2.5/weather?q=roscoe,us&APPID=2e0b3995de13957a2e62c46a5a3da34b&units=imperial"
2952861,us,bellwood,31.5272222,35.6,41,75,10.29,75,bellwood,"http://api.openweathermap.org/data/2.5/weather?q=bellwood,us&APPID=2e0b3995de13957a2e62c46a5a3da34b&units=imperial"
2953892,us,hedgeland,31.815,73.4,75.2,73,12.75,90,hedgeland,"http://api.openweathermap.org/data/2.5/weather?q=hedgeland,us&APPID=2e0b3995de13957a2e62c46a5a3da34b&units=imperial"
2955578,us,willow glen,31.246388899999996,30.2,39.2,50,3.6,1,willow glen,"http://api.openweathermap.org/data/2.5/weather?q=willow glen,us&APPID=2e0b3995de13957a2e62c46a5a3da34b&units=imperial"
2956129,us,east steuben,44.5027778,21.2,21.2,92,10.29,90,east steuben,"http://api.openweathermap.org/data/2.5/weather?q=east steuben,us&APPID=2e0b3995de13957a2e62c46a5a3da34b&units=imperial"
2972140,us,sauk centre,45.7375,8.6,12.2,85,9.17,1,sauk centre,"http://api.openweathermap.org/data/2.5/weather?q=sauk centre,us&APPID=2e0b3995de13957a2e62c46a5a3da34b&units=imperial"
2976009,us,doe run,37.7427778,46.4,46.4,75,8.05,90,doe run,"http://api.openweathermap.org/data/2.5/weather?q=doe run,us&APPID=2e0b3995de13957a2e62c46a5a3da34b&units=imperial"
2978831,us,wickes,38.393055600000004,14,19.4,78,10.29,90,wickes,"http://api.openweathermap.org/data/2.5/weather?q=wickes,us&APPID=2e0b3995de13957a2e62c46a5a3da34b&units=imperial"
2978929,us,zenar,37.095,37.4,41,93,13.87,90,zenar,"http://api.openweathermap.org/data/2.5/weather?q=zenar,us&APPID=2e0b3995de13957a2e62c46a5a3da34b&units=imperial"
2983139,us,the glen,45.1041667,17.6,17.6,92,4.7,90,the glen,"http://api.openweathermap.org/data/2.5/weather?q=the glen,us&APPID=2e0b3995de13957a2e62c46a5a3da34b&units=imperial"
2984579,us,mile hollow,40.1608333,39.2,46.4,64,4.7,90,mile hollow,"http://api.openweathermap.org/data/2.5/weather?q=mile hollow,us&APPID=2e0b3995de13957a2e62c46a5a3da34b&units=imperial"
2985364,us,thompsontown,39.416388899999994,37.4,44.6,64,12.75,90,thompsontown,"http://api.openweathermap.org/data/2.5/weather?q=thompsontown,us&APPID=2e0b3995de13957a2e62c46a5a3da34b&units=imperial"
2987901,us,center village,42.1675,50,51.8,100,6.93,90,center village,"http://api.openweathermap.org/data/2.5/weather?q=center village,us&APPID=2e0b3995de13957a2e62c46a5a3da34b&units=imperial"
2989790,us,knight creek,42.1291667,32,35.6,80,8.57,90,knight creek,"http://api.openweathermap.org/data/2.5/weather?q=knight creek,us&APPID=2e0b3995de13957a2e62c46a5a3da34b&units=imperial"
2992527,us,wattlesburg,42.226944399999994,33.8,37.4,100,6.93,90,wattlesburg,"http://api.openweathermap.org/data/2.5/weather?q=wattlesburg,us&APPID=2e0b3995de13957a2e62c46a5a3da34b&units=imperial"
2994399,us,gay,35.291388899999994,53.6,60.8,87,5.82,90,gay,"http://api.openweathermap.org/data/2.5/weather?q=gay,us&APPID=2e0b3995de13957a2e62c46a5a3da34b&units=imperial"
2997012,us,tuskeegee,35.408333299999995,50,55.4,66,3.36,90,tuskeegee,"http://api.openweathermap.org/data/2.5/weather?q=tuskeegee,us&APPID=2e0b3995de13957a2e62c46a5a3da34b&units=imperial"
3002104,us,schauers acres,39.876388899999995,48.2,53.6,100,10.29,90,schauers acres,"http://api.openweathermap.org/data/2.5/weather?q=schauers acres,us&APPID=2e0b3995de13957a2e62c46a5a3da34b&units=imperial"
3002271,us,somerdale,40.5663889,39.2,48.2,60,4.7,90,somerdale,"http://api.openweathermap.org/data/2.5/weather?q=somerdale,us&APPID=2e0b3995de13957a2e62c46a5a3da34b&units=imperial"
3003970,us,ingersoll,36.7963889,28.4,30.2,58,11.41,90,ingersoll,"http://api.openweathermap.org/data/2.5/weather?q=ingersoll,us&APPID=2e0b3995de13957a2e62c46a5a3da34b&units=imperial"
3004644,us,shrewder,34.7686111,32,33.8,64,13.87,90,shrewder,"http://api.openweathermap.org/data/2.5/weather?q=shrewder,us&APPID=2e0b3995de13957a2e62c46a5a3da34b&units=imperial"
3004991,us,alder creek,45.3780556,26.6,28.4,92,0.74,90,alder creek,"http://api.openweathermap.org/data/2.5/weather?q=alder creek,us&APPID=2e0b3995de13957a2e62c46a5a3da34b&units=imperial"
3005361,us,eola,44.9325,33.8,35.6,97,5.82,90,eola,"http://api.openweathermap.org/data/2.5/weather?q=eola,us&APPID=2e0b3995de13957a2e62c46a5a3da34b&units=imperial"
3006125,us,timber,45.72,33.8,37.4,100,3.49,90,timber,"http://api.openweathermap.org/data/2.5/weather?q=timber,us&APPID=2e0b3995de13957a2e62c46a5a3da34b&units=imperial"
3011223,us,midvale,39.7225,21.2,28.4,73,12.75,1,midvale,"http://api.openweathermap.org/data/2.5/weather?q=midvale,us&APPID=2e0b3995de13957a2e62c46a5a3da34b&units=imperial"
3011630,us,new cumberland,40.2322222,50,53.6,81,10.29,90,new cumberland,"http://api.openweathermap.org/data/2.5/weather?q=new cumberland,us&APPID=2e0b3995de13957a2e62c46a5a3da34b&units=imperial"
3012921,us,sagon,40.8041667,39.2,42.8,64,12.75,90,sagon,"http://api.openweathermap.org/data/2.5/weather?q=sagon,us&APPID=2e0b3995de13957a2e62c46a5a3da34b&units=imperial"
3012954,us,salisbury,39.7527778,50,55.4,62,11.41,1,salisbury,"http://api.openweathermap.org/data/2.5/weather?q=salisbury,us&APPID=2e0b3995de13957a2e62c46a5a3da34b&units=imperial"
3013664,us,strong,40.7986111,10.4,12.2,66,3.04,90,strong,"http://api.openweathermap.org/data/2.5/weather?q=strong,us&APPID=2e0b3995de13957a2e62c46a5a3da34b&units=imperial"
3016873,us,cherokee springs,35.0497222,53.6,57.2,62,5.82,1,cherokee springs,"http://api.openweathermap.org/data/2.5/weather?q=cherokee springs,us&APPID=2e0b3995de13957a2e62c46a5a3da34b&units=imperial"
3017863,us,isgett circle,34.7013889,57.2,62.6,51,4.05,1,isgett circle,"http://api.openweathermap.org/data/2.5/weather?q=isgett circle,us&APPID=2e0b3995de13957a2e62c46a5a3da34b&units=imperial"
3021669,us,concords woods,35.8727778,50,55.4,81,5.73,90,concords woods,"http://api.openweathermap.org/data/2.5/weather?q=concords woods,us&APPID=2e0b3995de13957a2e62c46a5a3da34b&units=imperial"
3023744,us,murrelltown,36.4813889,50,55.4,81,4.7,90,murrelltown,"http://api.openweathermap.org/data/2.5/weather?q=murrelltown,us&APPID=2e0b3995de13957a2e62c46a5a3da34b&units=imperial"
3030217,us,shaws bend,29.736388899999998,73.4,77,78,16.11,90,shaws bend,"http://api.openweathermap.org/data/2.5/weather?q=shaws bend,us&APPID=2e0b3995de13957a2e62c46a5a3da34b&units=imperial"
3036969,us,hidden valley homes,37.2441667,44.6,51.8,75,3.36,1,hidden valley homes,"http://api.openweathermap.org/data/2.5/weather?q=hidden valley homes,us&APPID=2e0b3995de13957a2e62c46a5a3da34b&units=imperial"
3038697,us,otterdale,37.44694439999999,51.8,57.2,50,5.82,1,otterdale,"http://api.openweathermap.org/data/2.5/weather?q=otterdale,us&APPID=2e0b3995de13957a2e62c46a5a3da34b&units=imperial"
3043185,us,waverly,47.3427778,51.8,53.6,54,5.82,1,waverly,"http://api.openweathermap.org/data/2.5/weather?q=waverly,us&APPID=2e0b3995de13957a2e62c46a5a3da34b&units=imperial"
3043197,us,wenatchee,47.4236111,24.8,30.2,85,3.36,90,wenatchee,"http://api.openweathermap.org/data/2.5/weather?q=wenatchee,us&APPID=2e0b3995de13957a2e62c46a5a3da34b&units=imperial"
3045798,us,piercys mill,37.843611100000004,44.6,51.8,70,3.31,90,piercys mill,"http://api.openweathermap.org/data/2.5/weather?q=piercys mill,us&APPID=2e0b3995de13957a2e62c46a5a3da34b&units=imperial"
3047425,us,eagle lake terrace,42.7047222,30.2,39.2,86,3.36,90,eagle lake terrace,"http://api.openweathermap.org/data/2.5/weather?q=eagle lake terrace,us&APPID=2e0b3995de13957a2e62c46a5a3da34b&units=imperial"
3069727,ve,los arenales,8.9594444,82.4,82.4,65,11.41,40,los arenales,"http://api.openweathermap.org/data/2.5/weather?q=los arenales,ve&APPID=2e0b3995de13957a2e62c46a5a3da34b&units=imperial"
3119517,ye,ibiran,13.4,61.36,61.36,54,5.88,0,ibiran,"http://api.openweathermap.org/data/2.5/weather?q=ibiran,ye&APPID=2e0b3995de13957a2e62c46a5a3da34b&units=imperial"
3125611,za,diasstrand,-34.157599,68,68,94,5.82,90,diasstrand,"http://api.openweathermap.org/data/2.5/weather?q=diasstrand,za&APPID=2e0b3995de13957a2e62c46a5a3da34b&units=imperial"
3125670,za,dilopye,-25.383636,77,77,53,6.93,40,dilopye,"http://api.openweathermap.org/data/2.5/weather?q=dilopye,za&APPID=2e0b3995de13957a2e62c46a5a3da34b&units=imperial"
3127850,za,jabavu,-26.25,68,77,100,4.7,40,jabavu,"http://api.openweathermap.org/data/2.5/weather?q=jabavu,za&APPID=2e0b3995de13957a2e62c46a5a3da34b&units=imperial"
3143532,zm,mibanga,-10.2,67.08,67.08,92,4.27,48,mibanga,"http://api.openweathermap.org/data/2.5/weather?q=mibanga,zm&APPID=2e0b3995de13957a2e62c46a5a3da34b&units=imperial"
